sampleId	ANEUPLOIDY_SCORE	CANCER_TYPE	CANCER_TYPE_DETAILED	FRACTION_GENOME_ALTERED	GRADE	MSI_SCORE_MANTIS	MSI_SENSOR_SCORE	MUTATION_COUNT	ONCOTREE_CODE	SAMPLE_TYPE	SOMATIC_STATUS	TBL_SCORE	TISSUE_PROSPECTIVE_COLLECTION_INDICATOR	TISSUE_RETROSPECTIVE_COLLECTION_INDICATOR	TISSUE_SOURCE_SITE	TISSUE_SOURCE_SITE_CODE	TMB_NONSYNONYMOUS	TUMOR_TISSUE_SITE	TUMOR_TYPE
TCGA-3X-AAV9-01	10	Cholangiocarcinoma	Intrahepatic Cholangiocarcinoma	0.0049	G2	0.3138	0	43	IHCH	Primary	Matched	35	Yes	No	Alberta Health Services	3X	1.433333333	Bile Duct	Cholangiocarcinoma, Intrahepatic
TCGA-3X-AAVA-01	5	Cholangiocarcinoma	Intrahepatic Cholangiocarcinoma	0.2021	G2	0.3468	0.02	30	IHCH	Primary	Matched	55	Yes	No	Alberta Health Services	3X	1	Bile Duct	Cholangiocarcinoma, Intrahepatic
TCGA-3X-AAVB-01	24	Cholangiocarcinoma	Cholangiocarcinoma	0.2422	G1	0.3343	0	29	CHOL	Primary	Matched	27	No	Yes	Alberta Health Services	3X	1	Bile Duct	Cholangiocarcinoma, Distal
TCGA-3X-AAVC-01	24	Cholangiocarcinoma	Perihilar Cholangiocarcinoma	0.5353	G3	0.3552	0.5	50	PHCH	Primary	Matched	92	No	Yes	Alberta Health Services	3X	1.733333333	Bile Duct	Cholangiocarcinoma, Hilar/Perihilar
TCGA-3X-AAVE-01	9	Cholangiocarcinoma	Intrahepatic Cholangiocarcinoma	0.1498	G2	0.3195	0	40	IHCH	Primary	Matched	38	Yes	No	Alberta Health Services	3X	1.333333333	Bile Duct	Cholangiocarcinoma, Intrahepatic
TCGA-4G-AAZO-01	9	Cholangiocarcinoma	Intrahepatic Cholangiocarcinoma	0.1333	G2	0.3473	0.07	40	IHCH	Primary	Matched	62	No	Yes	Sapienza University of Rome	4G	1.333333333	Bile Duct	Cholangiocarcinoma, Intrahepatic
TCGA-4G-AAZT-01	5	Cholangiocarcinoma	Intrahepatic Cholangiocarcinoma	0.2069	G2	0.3328	0.16	44	IHCH	Primary	Matched	19	No	Yes	Sapienza University of Rome	4G	2.833333333	Bile Duct	Cholangiocarcinoma, Intrahepatic
TCGA-W5-AA2G-01	10	Cholangiocarcinoma	Intrahepatic Cholangiocarcinoma	0.3791	G3	0.3506	0	36	IHCH	Primary	Matched	111	No	Yes	Mayo Clinic Rochester	W5	1.2	Bile Duct	Cholangiocarcinoma, Intrahepatic
TCGA-W5-AA2H-01	0	Cholangiocarcinoma	Cholangiocarcinoma	2.0E-4	G3	0.3243	0.01	6	CHOL	Primary	Matched	1	No	Yes	Mayo Clinic Rochester	W5	0.2	Bile Duct	Cholangiocarcinoma, Distal
TCGA-W5-AA2I-01	6	Cholangiocarcinoma	Intrahepatic Cholangiocarcinoma	0.4619	G2	0.3394	0.14	48	IHCH	Primary	Matched	36	No	Yes	Mayo Clinic Rochester	W5	3.166666667	Bile Duct	Cholangiocarcinoma, Intrahepatic
TCGA-W5-AA2O-01	12	Cholangiocarcinoma	Intrahepatic Cholangiocarcinoma	0.4669	G3	0.3436	0.18	26	IHCH	Primary	Matched	55	No	Yes	Mayo Clinic Rochester	W5	1.633333333	Bile Duct	Cholangiocarcinoma, Intrahepatic
TCGA-W5-AA2Q-01	6	Cholangiocarcinoma	Intrahepatic Cholangiocarcinoma	0.198	G2	0.3223	0.09	46	IHCH	Primary	Matched	59	No	Yes	Mayo Clinic Rochester	W5	3.1	Bile Duct	Cholangiocarcinoma, Intrahepatic
TCGA-W5-AA2R-01	4	Cholangiocarcinoma	Intrahepatic Cholangiocarcinoma	0.2625	G3	0.3472	0	22	IHCH	Primary	Matched	37	No	Yes	Mayo Clinic Rochester	W5	1.466666667	Bile Duct	Cholangiocarcinoma, Intrahepatic
TCGA-W5-AA2T-01	13	Cholangiocarcinoma	Intrahepatic Cholangiocarcinoma	0.7373	G3	0.3511	0.62	30	IHCH	Primary	Matched	132	No	Yes	Mayo Clinic Rochester	W5	2	Bile Duct	Cholangiocarcinoma, Intrahepatic
TCGA-W5-AA2U-01	8	Cholangiocarcinoma	Intrahepatic Cholangiocarcinoma	0.3428	G3	0.3294	0.22	72	IHCH	Primary	Matched	77	No	Yes	Mayo Clinic Rochester	W5	4.7	Bile Duct	Cholangiocarcinoma, Intrahepatic
TCGA-W5-AA2W-01	6	Cholangiocarcinoma	Intrahepatic Cholangiocarcinoma	0.2554	G3	0.3497	0.25	29	IHCH	Primary	Matched	20	No	Yes	Mayo Clinic Rochester	W5	1	Bile Duct	Cholangiocarcinoma, Intrahepatic
TCGA-W5-AA2X-01	29	Cholangiocarcinoma	Perihilar Cholangiocarcinoma	0.7188	G4	0.3463	0.48	58	PHCH	Primary	Matched	128	No	Yes	Mayo Clinic Rochester	W5	3.8	Bile Duct	Cholangiocarcinoma, Hilar/Perihilar
TCGA-W5-AA2Z-01	13	Cholangiocarcinoma	Intrahepatic Cholangiocarcinoma	0.4081	G3	0.3231	0.03	24	IHCH	Primary	Matched	20	No	Yes	Mayo Clinic Rochester	W5	0.833333333	Bile Duct	Cholangiocarcinoma, Intrahepatic
TCGA-W5-AA30-01	10	Cholangiocarcinoma	Intrahepatic Cholangiocarcinoma	0.4012	G3	0.3412	0.03	55	IHCH	Primary	Matched	92	No	Yes	Mayo Clinic Rochester	W5	3.466666667	Bile Duct	Cholangiocarcinoma, Intrahepatic
TCGA-W5-AA31-01	23	Cholangiocarcinoma	Intrahepatic Cholangiocarcinoma	0.6386	G3	0.3287	0.05	42	IHCH	Primary	Matched	168	No	Yes	Mayo Clinic Rochester	W5	2.7	Bile Duct	Cholangiocarcinoma, Intrahepatic
TCGA-W5-AA33-01	7	Cholangiocarcinoma	Intrahepatic Cholangiocarcinoma	0.2274	G3	0.3275	0	30	IHCH	Primary	Matched	49	No	Yes	Mayo Clinic Rochester	W5	1.9	Bile Duct	Cholangiocarcinoma, Intrahepatic
TCGA-W5-AA34-01	12	Cholangiocarcinoma	Intrahepatic Cholangiocarcinoma	0.4024	G2	0.3286	0.26	33	IHCH	Primary	Matched	20	No	Yes	Mayo Clinic Rochester	W5	2.2	Bile Duct	Cholangiocarcinoma, Intrahepatic
TCGA-W5-AA36-01	4	Cholangiocarcinoma	Perihilar Cholangiocarcinoma	0.1582	G3	0.3315	0.22	44	PHCH	Primary	Matched	79	No	Yes	Mayo Clinic Rochester	W5	1.466666667	Bile Duct	Cholangiocarcinoma, Hilar/Perihilar
TCGA-W5-AA38-01	8	Cholangiocarcinoma	Intrahepatic Cholangiocarcinoma	0.2476	G3	0.3295	0.11	29	IHCH	Primary	Matched	15	No	Yes	Mayo Clinic Rochester	W5	0.966666667	Bile Duct	Cholangiocarcinoma, Intrahepatic
TCGA-W5-AA39-01	10	Cholangiocarcinoma	Intrahepatic Cholangiocarcinoma	0.3159	G4	0.3201	0.22	651	IHCH	Primary	Matched	39	No	Yes	Mayo Clinic Rochester	W5	21.83333333	Bile Duct	Cholangiocarcinoma, Intrahepatic
TCGA-W6-AA0S-01	9	Cholangiocarcinoma	Intrahepatic Cholangiocarcinoma	0.2993	G2	0.3208	0.24	37	IHCH	Primary	Matched	86	Yes	No	UCSF	W6	1.233333333	Bile Duct	Cholangiocarcinoma, Intrahepatic
TCGA-WD-A7RX-01	9	Cholangiocarcinoma	Intrahepatic Cholangiocarcinoma	0.3243	G2	0.3225	0	29	IHCH	Primary	Matched	59	Yes	No	Emory University	WD	0.966666667	Bile Duct	Cholangiocarcinoma, Intrahepatic
TCGA-YR-A95A-01	3	Cholangiocarcinoma	Perihilar Cholangiocarcinoma	0.1442	G2	0.3362	0.06	26	PHCH	Primary	Matched	84	No	Yes	Barretos Cancer Hospital	YR	0.9	Bile Duct	Cholangiocarcinoma, Hilar/Perihilar
TCGA-ZD-A8I3-01	5	Cholangiocarcinoma	Intrahepatic Cholangiocarcinoma	0.6296	G3	0.3416	0.01	34	IHCH	Primary	Matched	23	Yes	No	ILSbio	ZD	1.166666667	Bile Duct	Cholangiocarcinoma, Intrahepatic
TCGA-ZH-A8Y1-01	6	Cholangiocarcinoma	Intrahepatic Cholangiocarcinoma	0.2631	G2	0.3122	0.11	36	IHCH	Primary	Matched	30	Yes	No	University of North Carolina	ZH	1.266666667	Bile Duct	Cholangiocarcinoma, Intrahepatic
TCGA-ZH-A8Y2-01	28	Cholangiocarcinoma	Intrahepatic Cholangiocarcinoma	0.747	G2	0.3445	1.19	48	IHCH	Primary	Matched	39	Yes	No	University of North Carolina	ZH	1.6	Bile Duct	Cholangiocarcinoma, Intrahepatic
TCGA-ZH-A8Y4-01	24	Cholangiocarcinoma	Intrahepatic Cholangiocarcinoma	0.5614	G3	0.3334	0.1	60	IHCH	Primary	Matched	63	Yes	No	University of North Carolina	ZH	2	Bile Duct	Cholangiocarcinoma, Intrahepatic
TCGA-ZH-A8Y5-01	7	Cholangiocarcinoma	Intrahepatic Cholangiocarcinoma	0.308	G3	0.3428	0.45	22	IHCH	Primary	Matched	73	Yes	No	University of North Carolina	ZH	0.733333333	Bile Duct	Cholangiocarcinoma, Intrahepatic
TCGA-ZH-A8Y6-01	0	Cholangiocarcinoma	Intrahepatic Cholangiocarcinoma	0.0012	G2	0.3409	0.01	38	IHCH	Primary	Matched	6	Yes	No	University of North Carolina	ZH	1.266666667	Bile Duct	Cholangiocarcinoma, Intrahepatic
TCGA-ZH-A8Y8-01	14	Cholangiocarcinoma	Intrahepatic Cholangiocarcinoma	0.4276	G2	0.3149	0	31	IHCH	Primary	Matched	34	Yes	No	University of North Carolina	ZH	1.066666667	Bile Duct	Cholangiocarcinoma, Intrahepatic
TCGA-ZU-A8S4-01	3	Cholangiocarcinoma	Intrahepatic Cholangiocarcinoma	0.0026	G3	0.3186	0	47	IHCH	Primary	Matched	72	No	Yes	Spectrum Health	ZU	3.066666667	Bile Duct	Cholangiocarcinoma, Intrahepatic
