patientId	SEX	AGE	RACE	ETHNICITY	AJCC_STAGE	PATH_T	PATH_N	PATH_M	GRADE	OS_MONTHS	OS_STATUS	DSS_MONTHS	DSS_STATUS	MUTATION_COUNT	TMB_NONSYNONYMOUS	FRACTION_GENOME_ALTERED	ANEUPLOIDY_SCORE	TUMOR_TYPE	mut_BAP1	mut_NF2	mut_CDKN2A	mut_TP53	mut_SETD2	mut_LATS2	mut_DDX3X	mut_SETDB1
TCGA-3H-AB3K	Male	64	White	Not Hispanic Or Latino	STAGE II	T2	N0	M0		56.38294375	1:DECEASED	56.38294375	1:DEAD WITH TUMOR	16	0.533333333	0.0967	4	Diffuse Malignant Mesothelioma (NOS)	1	1	0	0	0	0	0	0
TCGA-3H-AB3L	Male	60	White	Not Hispanic Or Latino	STAGE III	TX	N2	M0		11.86836309	1:DECEASED	11.86836309	1:DEAD WITH TUMOR	21	0.7	0.3618	11	Epithelioid Mesothelioma	0	0	0	1	0	0	0	0
TCGA-3H-AB3M	Female	53	White	Not Hispanic Or Latino	STAGE III	T3	N2	M0		29.09557156	1:DECEASED	29.09557156	1:DEAD WITH TUMOR	28	0.933333333	0.7046	6	Epithelioid Mesothelioma	0	0	0	0	0	0	0	0
TCGA-3H-AB3O	Male	58	White		STAGE III	T3	N0	M0		42.80501036	1:DECEASED	42.80501036	1:DEAD WITH TUMOR	1	0.033333333	0.0		Epithelioid Mesothelioma	0	0	0	0	0	0	0	0
TCGA-3H-AB3S	Male	69	White		STAGE II	T2	N0	M0		12.65739554	1:DECEASED	12.65739554	1:DEAD WITH TUMOR	42	1.4	0.1163	3	Epithelioid Mesothelioma	0	0	0	0	0	0	0	0
TCGA-3H-AB3T	Male	79	White		STAGE I	T1	N0	M0		13.61080975	1:DECEASED	13.61080975	1:DEAD WITH TUMOR	32	1.066666667	0.2426	9	Biphasic Mesothelioma	1	0	0	1	0	1	0	0
TCGA-3H-AB3U	Male	71	White		STAGE III	T3	N0	M0		27.15586679	1:DECEASED	27.15586679	1:DEAD WITH TUMOR	26	0.866666667	0.8602	19	Epithelioid Mesothelioma	1	0	0	0	1	0	0	0
TCGA-3H-AB3X	Male	62	White	Not Hispanic Or Latino	STAGE III	T3	N0	M0		48.98576454	0:LIVING	48.98576454	0:ALIVE OR DEAD TUMOR FREE	21	0.7	0.2961	6	Epithelioid Mesothelioma	0	0	0	0	0	0	0	0
TCGA-3U-A98D	Male	80	White		STAGE III	T2	N2	M0		4.66844199	1:DECEASED	4.66844199		29	1	0.3849	11	Biphasic Mesothelioma	0	0	0	0	0	0	0	0
TCGA-3U-A98E	Female	71	White	Not Hispanic Or Latino	STAGE IV	T4	N2	M0		62.99109051	0:LIVING	62.99109051	0:ALIVE OR DEAD TUMOR FREE	31	1.033333333	0.1127	4	Epithelioid Mesothelioma	0	0	0	1	0	1	0	0
TCGA-3U-A98F	Male	73	White	Not Hispanic Or Latino	STAGE III	T3	N0	M0		17.62172469	1:DECEASED	17.62172469	1:DEAD WITH TUMOR	33	1.1	0.7484	28	Biphasic Mesothelioma	0	1	0	0	0	0	0	0
TCGA-3U-A98G	Male	71	White	Not Hispanic Or Latino	STAGE IV	T4	N0	M0		20.71210179	1:DECEASED	20.71210179	1:DEAD WITH TUMOR	3	0.1	0.0	0	Biphasic Mesothelioma	0	0	0	0	0	0	0	0
TCGA-3U-A98H	Male	57	White	Not Hispanic Or Latino	STAGE IV	T4	N2	M0		38.00506296	1:DECEASED	38.00506296	1:DEAD WITH TUMOR	14	0.466666667	0.0861	3	Biphasic Mesothelioma	1	1	0	0	1	0	0	0
TCGA-3U-A98I	Male	68	White	Not Hispanic Or Latino	STAGE IV	T4	N3	M0		28.27366275	1:DECEASED	28.27366275	1:DEAD WITH TUMOR	40	1.366666667	0.2392	9	Biphasic Mesothelioma	0	0	0	1	0	0	0	0
TCGA-3U-A98J	Male	55	White	Not Hispanic Or Latino	STAGE III	T3	N2	M0		24.36137686	1:DECEASED	24.36137686	1:DEAD WITH TUMOR	22	0.733333333	0.2116	7	Epithelioid Mesothelioma	0	0	0	0	0	0	0	0
TCGA-LK-A4NW	Male	60	White	Not Hispanic Or Latino	STAGE IV	T4	N2	M0		17.95048821	1:DECEASED	17.95048821	1:DEAD WITH TUMOR	25	0.866666667	0.2758	11	Diffuse Malignant Mesothelioma (NOS)	1	0	0	0	0	0	0	0
TCGA-LK-A4NY	Female	66	White	Not Hispanic Or Latino	STAGE III	T3	N0	M0		5.523227143	1:DECEASED	5.523227143	0:ALIVE OR DEAD TUMOR FREE	47	1.6	0.2014	2	Biphasic Mesothelioma	0	0	0	0	0	0	0	0
TCGA-LK-A4NZ	Male	75	White	Not Hispanic Or Latino	STAGE II	T2	N0	M0		8.021829898	1:DECEASED	8.021829898	1:DEAD WITH TUMOR	26	0.9	0.1033	4	Epithelioid Mesothelioma	0	1	0	0	0	0	0	0
TCGA-LK-A4O0	Male	81	White	Not Hispanic Or Latino	STAGE IA	T1A	N0	M0		6.082125127	1:DECEASED	6.082125127	0:ALIVE OR DEAD TUMOR FREE	29	1.033333333	0.1177	17	Sarcomatoid Mesothelioma	0	0	0	0	0	1	0	0
TCGA-LK-A4O2	Female	56	White	Not Hispanic Or Latino	STAGE III	T3	N0	M0		1.873952066	1:DECEASED	1.873952066	1:DEAD WITH TUMOR	26	0.866666667	0.3345	10	Epithelioid Mesothelioma	1	0	0	0	0	0	0	0
TCGA-LK-A4O4	Male	69	White	Not Hispanic Or Latino	STAGE III	T2	N1	M0		31.19965809	1:DECEASED	31.19965809	0:ALIVE OR DEAD TUMOR FREE	1	0.033333333	0.0	0	Epithelioid Mesothelioma	0	0	0	0	0	0	0	0
TCGA-LK-A4O5	Female	68	White	Not Hispanic Or Latino	STAGE III	T3	N0	M0		12.72314824	1:DECEASED	12.72314824	1:DEAD WITH TUMOR	35	1.2	0.1049	3	Epithelioid Mesothelioma	0	1	0	0	0	0	0	0
TCGA-LK-A4O6	Female	66	White	Not Hispanic Or Latino	STAGE III	T3	N1	M0		14.72860571	1:DECEASED	14.72860571	1:DEAD WITH TUMOR	28	0.933333333	0.1427	9	Biphasic Mesothelioma	0	0	0	0	0	0	0	0
TCGA-LK-A4O7	Male	64	White	Not Hispanic Or Latino	STAGE III	T3	N1	M0		11.50672321	1:DECEASED	11.50672321	1:DEAD WITH TUMOR	35	1.166666667	0.6305	10	Epithelioid Mesothelioma	1	0	0	0	0	0	0	0
TCGA-MQ-A4KX	Male	55	White	Not Hispanic Or Latino	STAGE I	T1	N0	M0		80.84294967	1:DECEASED	80.84294967		17	0.6	0.0815	3	Epithelioid Mesothelioma	1	0	0	0	0	0	0	0
TCGA-MQ-A4LC	Male	54	White	Not Hispanic Or Latino	STAGE II	T2	N0	M0		91.72502219	1:DECEASED	91.72502219	0:ALIVE OR DEAD TUMOR FREE	22	0.733333333	0.1018	2	Epithelioid Mesothelioma	0	0	0	0	0	0	0	0
TCGA-MQ-A4LI	Female	60	White	Not Hispanic Or Latino	STAGE II	T2	N0	M0		18.80527337	1:DECEASED	18.80527337	1:DEAD WITH TUMOR	32	1.1	0.3491	12	Epithelioid Mesothelioma	0	0	0	0	0	0	0	0
TCGA-MQ-A4LJ	Male	53	White	Not Hispanic Or Latino	STAGE III	T2	N1	M0		23.3093336	1:DECEASED	23.3093336		18	0.566666667	0.1855	5	Epithelioid Mesothelioma	0	0	0	0	0	0	0	0
TCGA-MQ-A4LM	Male	67	White	Not Hispanic Or Latino	STAGE III	T3	N0	M0		5.194463622	1:DECEASED	5.194463622		33	1.1	0.0032	9	Biphasic Mesothelioma	0	1	0	0	0	1	0	0
TCGA-MQ-A4LP	Male	67	White	Not Hispanic Or Latino	STAGE III	T3	N0	M0		17.32583753	1:DECEASED	17.32583753		43	1.466666667	0.2448	8	Biphasic Mesothelioma	0	0	0	0	0	0	0	0
TCGA-MQ-A4LV	Male	63	White	Not Hispanic Or Latino	STAGE III	T3	N0	M0		3.517769668	1:DECEASED	3.517769668	0:ALIVE OR DEAD TUMOR FREE	42	1.433333333	0.1945	3	Biphasic Mesothelioma	1	1	0	0	1	1	0	0
TCGA-MQ-A6BL	Male	78	White	Not Hispanic Or Latino	STAGE II	T2	N0	M0		10.94782523	1:DECEASED	10.94782523		39	1.266666667	0.0017	6	Biphasic Mesothelioma	0	0	0	0	0	1	0	0
TCGA-MQ-A6BN	Female	73	White	Not Hispanic Or Latino	STAGE III	T2	N1	MX		24.88739849	1:DECEASED	24.88739849	0:ALIVE OR DEAD TUMOR FREE			0.0766		Epithelioid Mesothelioma	0	0	0	0	0	0	0	0
TCGA-MQ-A6BQ	Male	58	White	Not Hispanic Or Latino	STAGE II	T2	N0	MX		77.55531446	0:LIVING	77.55531446	0:ALIVE OR DEAD TUMOR FREE	24	0.8	0.1041	5	Epithelioid Mesothelioma	0	0	0	0	0	0	0	0
TCGA-MQ-A6BR	Female	55	White	Not Hispanic Or Latino	STAGE III	T1B	N1	MX		68.71157576	0:LIVING	68.71157576	0:ALIVE OR DEAD TUMOR FREE	13	0.433333333	0.1604	5	Epithelioid Mesothelioma	0	1	0	1	0	0	0	1
TCGA-MQ-A6BS	Male	55	White	Not Hispanic Or Latino	STAGE II	T2	N0	MX		19.98882204	1:DECEASED	19.98882204	0:ALIVE OR DEAD TUMOR FREE	36	1.166666667	0.7705	21	Epithelioid Mesothelioma	0	0	0	0	1	0	0	0
TCGA-NQ-A57I	Male	71	White	Not Hispanic Or Latino	STAGE IB	T1B	NX	MX		0.657527041	1:DECEASED	0.657527041	1:DEAD WITH TUMOR	38	1.266666667	0.4041	17	Biphasic Mesothelioma	0	0	0	1	0	0	0	0
TCGA-NQ-A638	Male	66	White	Not Hispanic Or Latino	STAGE II	T2	NX	M0		0	0:LIVING	0	0:ALIVE OR DEAD TUMOR FREE	42	1.4	0.3745	15	Epithelioid Mesothelioma	0	0	0	0	0	0	0	0
TCGA-SC-A6LM	Female	64	White	Not Hispanic Or Latino	STAGE IV	T4	NX	M0		28.96406615	1:DECEASED	28.96406615	1:DEAD WITH TUMOR	30	1	0.1716	3	Epithelioid Mesothelioma	0	0	0	0	0	0	0	0
TCGA-SC-A6LN	Male	76	Asian	Not Hispanic Or Latino	STAGE III	T2	N2	M0		13.61080975	1:DECEASED	13.61080975	0:ALIVE OR DEAD TUMOR FREE	25	0.833333333	0.3914	9	Biphasic Mesothelioma	0	0	0	0	0	0	0	0
TCGA-SC-A6LP	Male	58	White	Not Hispanic Or Latino	STAGE II	T2	N0	M0		2.564355459	1:DECEASED	2.564355459	1:DEAD WITH TUMOR	16	0.566666667	0.0622	3	Biphasic Mesothelioma	0	1	0	1	0	0	0	1
TCGA-SC-A6LQ	Female	60	White	Not Hispanic Or Latino	STAGE III	T3	N2	M0		9.764276556	1:DECEASED	9.764276556	1:DEAD WITH TUMOR	30	1	0.0918	4	Epithelioid Mesothelioma	0	0	0	0	0	0	0	0
TCGA-SC-A6LR	Male	73	White	Not Hispanic Or Latino	STAGE III	T1B	N2	M0		38.39957918	0:LIVING	38.39957918	0:ALIVE OR DEAD TUMOR FREE	40	1.4	0.1758	25	Epithelioid Mesothelioma	0	0	0	0	0	0	0	0
TCGA-SC-AA5Z	Male	54	White	Not Hispanic Or Latino	STAGE IV	T4	N2	M0		21.82989776	0:LIVING	21.82989776	0:ALIVE OR DEAD TUMOR FREE	18	0.6	0.1354	31	Epithelioid Mesothelioma	0	1	0	1	0	0	0	0
TCGA-SH-A7BC	Male	66	White	Not Hispanic Or Latino	STAGE III	T3	N2	M0		23.90110793	1:DECEASED	23.90110793	1:DEAD WITH TUMOR	25	0.833333333	0.2837	11	Epithelioid Mesothelioma	0	0	0	0	0	0	0	0
TCGA-SH-A7BD	Male	68	White	Not Hispanic Or Latino	STAGE IV	T2	N0	M1		15.09024559	1:DECEASED	15.09024559	1:DEAD WITH TUMOR	21	0.7	0.1174	1	Epithelioid Mesothelioma	0	0	0	0	0	0	0	0
TCGA-SH-A7BH	Female	65	White	Not Hispanic Or Latino	STAGE III	T3	N0	M0		7.988953546	1:DECEASED	7.988953546	1:DEAD WITH TUMOR	40	1.433333333	0.7737	30	Biphasic Mesothelioma	0	0	0	1	0	0	0	0
TCGA-SH-A9CT	Male	67	White	Not Hispanic Or Latino	STAGE II	T2	N0	M0		14.76148207	1:DECEASED	14.76148207	1:DEAD WITH TUMOR	25	0.833333333	0.3048	8	Epithelioid Mesothelioma	0	0	0	0	0	0	0	0
TCGA-SH-A9CU	Male	60	White	Not Hispanic Or Latino	STAGE IV	T4	N2	M0		24.06548969	1:DECEASED	24.06548969	1:DEAD WITH TUMOR	36	1.2	0.6796	24	Epithelioid Mesothelioma	0	0	0	0	0	0	0	0
TCGA-TS-A7OU	Male	56	White	Not Hispanic Or Latino	STAGE IV	T4	N0	MX		55.06788967	1:DECEASED	55.06788967		31	1.066666667	0.1015	2	Epithelioid Mesothelioma	0	0	0	1	0	0	0	0
TCGA-TS-A7OY	Male	62	White		STAGE IV	T3	N3	MX		8.38346977	1:DECEASED	8.38346977		19	0.666666667	0.0024	4	Epithelioid Mesothelioma	0	0	0	0	0	0	0	0
TCGA-TS-A7OZ	Male	67	White	Not Hispanic Or Latino	STAGE III	T3	N1	MX		27.74764112	1:DECEASED	27.74764112		44	1.466666667	0.2289	5	Epithelioid Mesothelioma	1	1	0	0	0	0	0	0
TCGA-TS-A7P0	Male	42	White		STAGE III	T3	N0	MX		41.45707992	1:DECEASED	41.45707992		53	1.8	0.4653	16	Epithelioid Mesothelioma	0	0	0	0	0	0	0	0
TCGA-TS-A7P1	Male	52	White		STAGE I	T1	N0	MX		18.5093862	1:DECEASED	18.5093862		20	0.633333333	0.1783	5	Epithelioid Mesothelioma	1	0	0	0	0	0	0	0
TCGA-TS-A7P3	Male	57	White		STAGE III	T3	N2	MX		22.65180656	1:DECEASED	22.65180656		19	0.633333333	0.0675	2	Epithelioid Mesothelioma	0	0	0	0	0	0	0	0
TCGA-TS-A7P6	Male	61	White	Not Hispanic Or Latino	STAGE III	T3	N2	MX		9.304007627	1:DECEASED	9.304007627		20	0.7	0.4057	8	Epithelioid Mesothelioma	0	0	0	0	0	0	0	0
TCGA-TS-A7P7	Male	62	White	Not Hispanic Or Latino	STAGE III	T3	N2	MX		19.42992406	1:DECEASED	19.42992406		0	0	0.2113		Epithelioid Mesothelioma	0	0	0	0	0	0	0	0
TCGA-TS-A7P8	Male	80	White	Not Hispanic Or Latino	STAGE III	TX	N1	MX		15.02449288	1:DECEASED	15.02449288		42	1.4	0.0	0	Epithelioid Mesothelioma	0	0	0	0	0	0	0	0
TCGA-TS-A7PB	Male	62	White	Not Hispanic Or Latino	STAGE III	T3	N2	MX		32.2845777	1:DECEASED	32.2845777		32	1.1	0.1017	1	Biphasic Mesothelioma	0	0	0	0	1	0	0	0
TCGA-TS-A8AF	Male	69	White		STAGE III	T2	N2	MX		11.76973403	1:DECEASED	11.76973403		0	0	0.3565		Epithelioid Mesothelioma	0	0	0	0	0	0	0	0
TCGA-TS-A8AI	Male	58	White	Not Hispanic Or Latino	STAGE IV	T4	N1	MX		10.78344347	1:DECEASED	10.78344347		24	0.833333333	0.2554	4	Epithelioid Mesothelioma	0	0	0	0	0	0	0	0
TCGA-TS-A8AS	Male	77	White	Not Hispanic Or Latino	STAGE IA	T1A	N0	MX		26.13669987	1:DECEASED	26.13669987		17	0.666666667	0.0074	3	Epithelioid Mesothelioma	0	0	0	0	0	0	0	0
TCGA-TS-A8AV	Male	55	White		STAGE III	T2	N2	MX			1:DECEASED			10	0.333333333	1.0E-4		Sarcomatoid Mesothelioma	0	0	0	0	0	1	0	0
TCGA-TS-A8AY	Female	48	Black or African American	Not Hispanic Or Latino	STAGE III	T3	N1	MX		15.41900911	1:DECEASED	15.41900911		14	0.466666667	0.2808	7	Epithelioid Mesothelioma	0	0	0	0	0	0	0	0
TCGA-UD-AABY	Male	50	White	Not Hispanic Or Latino	STAGE III	T3	N0	M0		27.71476477	1:DECEASED	27.71476477	1:DEAD WITH TUMOR	0	0	0.0564		Diffuse Malignant Mesothelioma (NOS)	0	0	0	0	0	0	0	0
TCGA-UD-AABZ	Male	46	White	Not Hispanic Or Latino	STAGE II	T2	N0	M0		6.476641352	1:DECEASED	6.476641352	1:DEAD WITH TUMOR	39	1.333333333	0.3122	9	Epithelioid Mesothelioma	0	1	0	0	0	0	0	0
TCGA-UD-AAC1	Female	71	White	Not Hispanic Or Latino	STAGE III	T2	N2	M0		25.93944176	1:DECEASED	25.93944176	1:DEAD WITH TUMOR	262	8.766666667	0.1165	4	Epithelioid Mesothelioma	0	0	0	1	0	1	0	1
TCGA-UD-AAC4	Male	65	White	Not Hispanic Or Latino	STAGE III	T2	N2	M0		23.63809712	1:DECEASED	23.63809712	1:DEAD WITH TUMOR	34	1.133333333	0.095	3	Diffuse Malignant Mesothelioma (NOS)	1	0	0	0	0	0	0	0
TCGA-UD-AAC5	Male	66	White	Not Hispanic Or Latino	STAGE I	T1	N0	M0		8.317717066	1:DECEASED	8.317717066	1:DEAD WITH TUMOR	22	0.7	0.431	11	Epithelioid Mesothelioma	0	1	0	1	0	0	0	0
TCGA-UD-AAC6	Male	67	White	Not Hispanic Or Latino	STAGE II	T2	N0	M0		14.99161653	1:DECEASED	14.99161653	1:DEAD WITH TUMOR	27	0.966666667	0.3799	10	Biphasic Mesothelioma	0	0	0	0	0	0	0	0
TCGA-UD-AAC7	Male	47	White	Not Hispanic Or Latino	STAGE II	T2	N0	M0		13.34779893	1:DECEASED	13.34779893	1:DEAD WITH TUMOR	16	0.566666667	0.6474	7	Epithelioid Mesothelioma	0	1	0	1	0	0	0	0
TCGA-UT-A88C	Male	62	White	Not Hispanic Or Latino	STAGE III	T3	N2	M0		28.37229181	1:DECEASED	28.37229181	1:DEAD WITH TUMOR	16	0.533333333	0.0975	10	Epithelioid Mesothelioma	1	0	0	0	1	0	0	0
TCGA-UT-A88D	Male	66	White	Not Hispanic Or Latino	STAGE II	T2	N0	M0		27.05723773	1:DECEASED	27.05723773	0:ALIVE OR DEAD TUMOR FREE	30	1	0.0385	1	Epithelioid Mesothelioma	1	1	0	0	0	0	0	0
TCGA-UT-A88E	Male	74	White	Not Hispanic Or Latino	STAGE I	T1	N0	M0		14.26833679	1:DECEASED	14.26833679	1:DEAD WITH TUMOR	41	1.366666667	0.2184	6	Epithelioid Mesothelioma	0	0	0	0	1	0	0	0
TCGA-UT-A88G	Male	73	White	Not Hispanic Or Latino	STAGE III	T3	N0	M0		2.498602755	1:DECEASED	2.498602755	1:DEAD WITH TUMOR	29	1	0.7593	28	Biphasic Mesothelioma	0	0	0	0	0	0	0	0
TCGA-UT-A97Y	Female	81	White	Not Hispanic Or Latino	STAGE I	T1	N0	M0		4.734194694	1:DECEASED	4.734194694	1:DEAD WITH TUMOR	20	0.666666667	0.0	6	Epithelioid Mesothelioma	0	1	0	0	0	0	0	0
TCGA-XT-AASU	Male	60	White	Not Hispanic Or Latino	STAGE III	T3	NX	MX		4.66844199	1:DECEASED	4.66844199	1:DEAD WITH TUMOR	40	1.366666667	0.1727	3	Biphasic Mesothelioma	1	0	0	0	0	0	0	0
TCGA-YS-A95B	Female	28	White		STAGE IV	T4	N3	M0		1.28217773	1:DECEASED	1.28217773	1:DEAD WITH TUMOR	15	0.5	0.1954	6	Epithelioid Mesothelioma	0	0	0	0	0	0	0	0
TCGA-YS-A95C	Male	54	White		STAGE III	T1	N2	M0		4.372554821	1:DECEASED	4.372554821	0:ALIVE OR DEAD TUMOR FREE	19	0.633333333	0.2288	8	Epithelioid Mesothelioma	1	0	0	0	0	0	0	0
TCGA-YS-AA4M	Male	66	White		STAGE IV	T1B	N0	M1		2.761613571	1:DECEASED	2.761613571	1:DEAD WITH TUMOR	19	0.633333333	7.0E-4	3	Diffuse Malignant Mesothelioma (NOS)	0	1	0	0	0	0	0	0
TCGA-ZN-A9VO	Male	36	White	Not Hispanic Or Latino	STAGE IV	T4	N2	M1		8.580727882	0:LIVING	8.580727882	0:ALIVE OR DEAD TUMOR FREE	23	0.766666667	0.2205	7	Epithelioid Mesothelioma	0	1	0	0	0	0	0	0
TCGA-ZN-A9VP	Male	51	White	Not Hispanic Or Latino	STAGE III	T3	N2	MX		7.495808265	0:LIVING	7.495808265	0:ALIVE OR DEAD TUMOR FREE	20	0.666666667	0.3342	12	Epithelioid Mesothelioma	0	0	0	1	0	0	0	0
TCGA-ZN-A9VQ	Male	61	White	Not Hispanic Or Latino	STAGE I	T1	N0	MX		16.40529967	0:LIVING	16.40529967	0:ALIVE OR DEAD TUMOR FREE	0	0	0.1567	4	Biphasic Mesothelioma	0	0	0	0	0	0	0	0
TCGA-ZN-A9VS	Male	67	White	Not Hispanic Or Latino	STAGE III	T3	N0	MX		40.37216031	0:LIVING	40.37216031	0:ALIVE OR DEAD TUMOR FREE	32	1.066666667	0.0954	9	Epithelioid Mesothelioma	0	0	0	0	0	0	0	0
TCGA-ZN-A9VU	Male	70	White	Not Hispanic Or Latino	STAGE II	T2	N0	MX		32.12019594	0:LIVING	32.12019594	0:ALIVE OR DEAD TUMOR FREE	36	1.2	0.1627	5	Epithelioid Mesothelioma	1	0	0	0	0	0	0	0
TCGA-ZN-A9VV	Male	68	White	Not Hispanic Or Latino	STAGE III	T3	N2	MX		43.03514482	0:LIVING	43.03514482	0:ALIVE OR DEAD TUMOR FREE	34	1.1	0.0294	1	Biphasic Mesothelioma	1	1	0	0	1	0	0	0
TCGA-ZN-A9VW	Male	61	White	Not Hispanic Or Latino	STAGE IV	T4	N0	MX		2.761613571	1:DECEASED	2.761613571	1:DEAD WITH TUMOR	53	1.8	0.1941	5	Biphasic Mesothelioma	0	1	0	0	0	0	0	0
