sampleId	ANEUPLOIDY_SCORE	CANCER_TYPE	CANCER_TYPE_DETAILED	FRACTION_GENOME_ALTERED	MSI_SCORE_MANTIS	MSI_SENSOR_SCORE	MUTATION_COUNT	ONCOTREE_CODE	SAMPLE_TYPE	SOMATIC_STATUS	TBL_SCORE	TISSUE_PROSPECTIVE_COLLECTION_INDICATOR	TISSUE_RETROSPECTIVE_COLLECTION_INDICATOR	TISSUE_SOURCE_SITE	TISSUE_SOURCE_SITE_CODE	TMB_NONSYNONYMOUS	TUMOR_TISSUE_SITE	TUMOR_TYPE
TCGA-3H-AB3K-01	4	Pleural Mesothelioma	Pleural Mesothelioma, Epithelioid Type	0.0967	0.2923	0	16	PLEMESO	Primary	Matched	8	No	Yes	MD Anderson Cancer Center	3H	0.533333333	Pleura	Diffuse Malignant Mesothelioma (NOS)
TCGA-3H-AB3L-01	11	Pleural Mesothelioma	Pleural Mesothelioma, Epithelioid Type	0.3618	0.2963	0.03	21	PLEMESO	Primary	Matched	49	No	Yes	MD Anderson Cancer Center	3H	0.7	Pleura	Epithelioid Mesothelioma
TCGA-3H-AB3M-01	6	Pleural Mesothelioma	Pleural Mesothelioma, Epithelioid Type	0.7046	0.3176	0.18	28	PLEMESO	Primary	Matched	145	No	Yes	MD Anderson Cancer Center	3H	0.933333333	Pleura	Epithelioid Mesothelioma
TCGA-3H-AB3O-01		Pleural Mesothelioma	Pleural Mesothelioma, Epithelioid Type	0.0	0.3245	0.03	1	PLEMESO	Primary	Matched	0	No	Yes	MD Anderson Cancer Center	3H	0.033333333	Pleura	Epithelioid Mesothelioma
TCGA-3H-AB3S-01	3	Pleural Mesothelioma	Pleural Mesothelioma, Epithelioid Type	0.1163	0.3048	0.01	42	PLEMESO	Primary	Matched	88	No	Yes	MD Anderson Cancer Center	3H	1.4	Pleura	Epithelioid Mesothelioma
TCGA-3H-AB3T-01	9	Pleural Mesothelioma	Pleural Mesothelioma, Biphasic Type	0.2426	0.3204	0.02	32	PLBMESO	Primary	Matched	21	No	Yes	MD Anderson Cancer Center	3H	1.066666667	Pleura	Biphasic Mesothelioma
TCGA-3H-AB3U-01	19	Pleural Mesothelioma	Pleural Mesothelioma, Epithelioid Type	0.8602	0.3081	0	26	PLEMESO	Primary	Matched	64	No	Yes	MD Anderson Cancer Center	3H	0.866666667	Pleura	Epithelioid Mesothelioma
TCGA-3H-AB3X-01	6	Pleural Mesothelioma	Pleural Mesothelioma, Epithelioid Type	0.2961	0.3116	0.14	21	PLEMESO	Primary	Matched	32	No	Yes	MD Anderson Cancer Center	3H	0.7	Pleura	Epithelioid Mesothelioma
TCGA-3U-A98D-01	11	Pleural Mesothelioma	Pleural Mesothelioma, Biphasic Type	0.3849	0.3188	0	29	PLBMESO	Primary	Matched	186	No	Yes	University of Chicago	3U	1	Pleura	Biphasic Mesothelioma
TCGA-3U-A98E-01	4	Pleural Mesothelioma	Pleural Mesothelioma, Epithelioid Type	0.1127	0.3156	0.05	31	PLEMESO	Primary	Matched	35	No	Yes	University of Chicago	3U	1.033333333	Pleura	Epithelioid Mesothelioma
TCGA-3U-A98F-01	28	Pleural Mesothelioma	Pleural Mesothelioma, Biphasic Type	0.7484	0.3257	0.09	33	PLBMESO	Primary	Matched	66	No	Yes	University of Chicago	3U	1.1	Pleura	Biphasic Mesothelioma
TCGA-3U-A98G-01	0	Pleural Mesothelioma	Pleural Mesothelioma, Biphasic Type	0.0	0.3156	0	3	PLBMESO	Primary	Matched	1	No	Yes	University of Chicago	3U	0.1	Pleura	Biphasic Mesothelioma
TCGA-3U-A98H-01	3	Pleural Mesothelioma	Pleural Mesothelioma, Biphasic Type	0.0861	0.3113	0	14	PLBMESO	Primary	Matched	9	No	Yes	University of Chicago	3U	0.466666667	Pleura	Biphasic Mesothelioma
TCGA-3U-A98I-01	9	Pleural Mesothelioma	Pleural Mesothelioma, Biphasic Type	0.2392	0.3156	0.03	40	PLBMESO	Primary	Matched	83	No	Yes	University of Chicago	3U	1.366666667	Pleura	Biphasic Mesothelioma
TCGA-3U-A98J-01	7	Pleural Mesothelioma	Pleural Mesothelioma, Epithelioid Type	0.2116	0.2943	0	22	PLEMESO	Primary	Matched	38	No	Yes	University of Chicago	3U	0.733333333	Pleura	Epithelioid Mesothelioma
TCGA-LK-A4NW-01	11	Pleural Mesothelioma	Pleural Mesothelioma, Epithelioid Type	0.2758	0.3173	0	25	PLEMESO	Primary	Matched	42	Yes	No	University of Pittsburgh	LK	0.866666667	Pleura	Diffuse Malignant Mesothelioma (NOS)
TCGA-LK-A4NY-01	2	Pleural Mesothelioma	Pleural Mesothelioma, Biphasic Type	0.2014	0.3182	0.05	47	PLBMESO	Primary	Matched	48	Yes	No	University of Pittsburgh	LK	1.6	Pleura	Biphasic Mesothelioma
TCGA-LK-A4NZ-01	4	Pleural Mesothelioma	Pleural Mesothelioma, Epithelioid Type	0.1033	0.3223	0.01	26	PLEMESO	Primary	Matched	59	Yes	No	University of Pittsburgh	LK	0.9	Pleura	Epithelioid Mesothelioma
TCGA-LK-A4O0-01	17	Pleural Mesothelioma	Pleural Mesothelioma, Sarcomatoid Type	0.1177	0.3302	0	29	PLSMESO	Primary	Matched	106	Yes	No	University of Pittsburgh	LK	1.033333333	Pleura	Sarcomatoid Mesothelioma
TCGA-LK-A4O2-01	10	Pleural Mesothelioma	Pleural Mesothelioma, Epithelioid Type	0.3345	0.3192	0	26	PLEMESO	Primary	Matched	87	Yes	No	University of Pittsburgh	LK	0.866666667	Pleura	Epithelioid Mesothelioma
TCGA-LK-A4O4-01	0	Pleural Mesothelioma	Pleural Mesothelioma, Epithelioid Type	0.0	0.3197	0	1	PLEMESO	Primary	Matched	0	Yes	No	University of Pittsburgh	LK	0.033333333	Pleura	Epithelioid Mesothelioma
TCGA-LK-A4O5-01	3	Pleural Mesothelioma	Pleural Mesothelioma, Epithelioid Type	0.1049	0.3171	0	35	PLEMESO	Primary	Matched	65	Yes	No	University of Pittsburgh	LK	1.2	Pleura	Epithelioid Mesothelioma
TCGA-LK-A4O6-01	9	Pleural Mesothelioma	Pleural Mesothelioma, Biphasic Type	0.1427	0.3149	0	28	PLBMESO	Primary	Matched	5	Yes	No	University of Pittsburgh	LK	0.933333333	Pleura	Biphasic Mesothelioma
TCGA-LK-A4O7-01	10	Pleural Mesothelioma	Pleural Mesothelioma, Epithelioid Type	0.6305	0.3266	0.14	35	PLEMESO	Primary	Matched	80	Yes	No	University of Pittsburgh	LK	1.166666667	Pleura	Epithelioid Mesothelioma
TCGA-MQ-A4KX-01	3	Pleural Mesothelioma	Pleural Mesothelioma, Epithelioid Type	0.0815	0.3228	0.01	17	PLEMESO	Primary	Matched	18	No	Yes	Washington University - NYU	MQ	0.6	Pleura	Epithelioid Mesothelioma
TCGA-MQ-A4LC-01	2	Pleural Mesothelioma	Pleural Mesothelioma, Epithelioid Type	0.1018	0.3112	0	22	PLEMESO	Primary	Matched	16	No	Yes	Washington University - NYU	MQ	0.733333333	Pleura	Epithelioid Mesothelioma
TCGA-MQ-A4LI-01	12	Pleural Mesothelioma	Pleural Mesothelioma, Epithelioid Type	0.3491	0.3309	0.07	32	PLEMESO	Primary	Matched	61	No	Yes	Washington University - NYU	MQ	1.1	Pleura	Epithelioid Mesothelioma
TCGA-MQ-A4LJ-01	5	Pleural Mesothelioma	Pleural Mesothelioma, Epithelioid Type	0.1855	0.3165	0.05	18	PLEMESO	Primary	Matched	56	No	Yes	Washington University - NYU	MQ	0.566666667	Pleura	Epithelioid Mesothelioma
TCGA-MQ-A4LM-01	9	Pleural Mesothelioma	Pleural Mesothelioma, Biphasic Type	0.0032	0.3201	0	33	PLBMESO	Primary	Matched	46	No	Yes	Washington University - NYU	MQ	1.1	Pleura	Biphasic Mesothelioma
TCGA-MQ-A4LP-01	8	Pleural Mesothelioma	Pleural Mesothelioma, Biphasic Type	0.2448	0.321	0.13	43	PLBMESO	Primary	Matched	110	No	Yes	Washington University - NYU	MQ	1.466666667	Pleura	Biphasic Mesothelioma
TCGA-MQ-A4LV-01	3	Pleural Mesothelioma	Pleural Mesothelioma, Biphasic Type	0.1945	0.3207	0	42	PLBMESO	Primary	Matched	138	No	Yes	Washington University - NYU	MQ	1.433333333	Pleura	Biphasic Mesothelioma
TCGA-MQ-A6BL-01	6	Pleural Mesothelioma	Pleural Mesothelioma, Biphasic Type	0.0017	0.3241	0	39	PLBMESO	Primary	Matched	60	No	Yes	Washington University - NYU	MQ	1.266666667	Pleura	Biphasic Mesothelioma
TCGA-MQ-A6BN-01		Pleural Mesothelioma	Pleural Mesothelioma, Epithelioid Type	0.0766				PLEMESO	Primary	Matched	62	No	Yes	Washington University - NYU	MQ		Pleura	Epithelioid Mesothelioma
TCGA-MQ-A6BQ-01	5	Pleural Mesothelioma	Pleural Mesothelioma, Epithelioid Type	0.1041	0.3135	0	24	PLEMESO	Primary	Matched	11	No	Yes	Washington University - NYU	MQ	0.8	Pleura	Epithelioid Mesothelioma
TCGA-MQ-A6BR-01	5	Pleural Mesothelioma	Pleural Mesothelioma, Epithelioid Type	0.1604	0.3482	0.63	13	PLEMESO	Primary	Matched	4	No	Yes	Washington University - NYU	MQ	0.433333333	Pleura	Epithelioid Mesothelioma
TCGA-MQ-A6BS-01	21	Pleural Mesothelioma	Pleural Mesothelioma, Epithelioid Type	0.7705	0.3297	0.11	36	PLEMESO	Primary	Matched	80	No	Yes	Washington University - NYU	MQ	1.166666667	Pleura	Epithelioid Mesothelioma
TCGA-NQ-A57I-01	17	Pleural Mesothelioma	Pleural Mesothelioma, Biphasic Type	0.4041	0.3256	0.05	38	PLBMESO	Primary	Matched	52	Yes	No	International Genomics Consortium	NQ	1.266666667	Pleura	Biphasic Mesothelioma
TCGA-NQ-A638-01	15	Pleural Mesothelioma	Pleural Mesothelioma, Epithelioid Type	0.3745	0.3194	0.02	42	PLEMESO	Primary	Matched	67	Yes	No	International Genomics Consortium	NQ	1.4	Pleura	Epithelioid Mesothelioma
TCGA-SC-A6LM-01	3	Pleural Mesothelioma	Pleural Mesothelioma, Epithelioid Type	0.1716	0.3144	0	30	PLEMESO	Primary	Matched	106	No	Yes	Memorial Sloan Kettering	SC	1	Pleura	Epithelioid Mesothelioma
TCGA-SC-A6LN-01	9	Pleural Mesothelioma	Pleural Mesothelioma, Biphasic Type	0.3914	0.3172	0	25	PLBMESO	Primary	Matched	78	No	Yes	Memorial Sloan Kettering	SC	0.833333333	Pleura	Biphasic Mesothelioma
TCGA-SC-A6LP-01	3	Pleural Mesothelioma	Pleural Mesothelioma, Biphasic Type	0.0622	0.3423	0.22	16	PLBMESO	Primary	Matched	8	No	Yes	Memorial Sloan Kettering	SC	0.566666667	Pleura	Biphasic Mesothelioma
TCGA-SC-A6LQ-01	4	Pleural Mesothelioma	Pleural Mesothelioma, Epithelioid Type	0.0918	0.3149	0.01	30	PLEMESO	Primary	Matched	42	No	Yes	Memorial Sloan Kettering	SC	1	Pleura	Epithelioid Mesothelioma
TCGA-SC-A6LR-01	25	Pleural Mesothelioma	Pleural Mesothelioma, Epithelioid Type	0.1758	0.3173	0.02	40	PLEMESO	Primary	Matched	13	No	Yes	Memorial Sloan Kettering	SC	1.4	Pleura	Epithelioid Mesothelioma
TCGA-SC-AA5Z-01	31	Pleural Mesothelioma	Pleural Mesothelioma, Epithelioid Type	0.1354	0.3155	0	18	PLEMESO	Primary	Matched	9	No	Yes	Memorial Sloan Kettering	SC	0.6	Pleura	Epithelioid Mesothelioma
TCGA-SH-A7BC-01	11	Pleural Mesothelioma	Pleural Mesothelioma, Epithelioid Type	0.2837	0.3134	0	25	PLEMESO	Primary	Matched	107	No	Yes	Papworth Hospital	SH	0.833333333	Pleura	Epithelioid Mesothelioma
TCGA-SH-A7BD-01	1	Pleural Mesothelioma	Pleural Mesothelioma, Epithelioid Type	0.1174	0.3138	0.01	21	PLEMESO	Primary	Matched	68	No	Yes	Papworth Hospital	SH	0.7	Pleura	Epithelioid Mesothelioma
TCGA-SH-A7BH-01	30	Pleural Mesothelioma	Pleural Mesothelioma, Biphasic Type	0.7737	0.3372	0.37	40	PLBMESO	Primary	Matched	8	No	Yes	Papworth Hospital	SH	1.433333333	Pleura	Biphasic Mesothelioma
TCGA-SH-A9CT-01	8	Pleural Mesothelioma	Pleural Mesothelioma, Epithelioid Type	0.3048	0.3243	0.11	25	PLEMESO	Primary	Matched	123	No	Yes	Papworth Hospital	SH	0.833333333	Pleura	Epithelioid Mesothelioma
TCGA-SH-A9CU-01	24	Pleural Mesothelioma	Pleural Mesothelioma, Epithelioid Type	0.6796	0.3313	0.11	36	PLEMESO	Primary	Matched	101	No	Yes	Papworth Hospital	SH	1.2	Pleura	Epithelioid Mesothelioma
TCGA-TS-A7OU-01	2	Pleural Mesothelioma	Pleural Mesothelioma, Epithelioid Type	0.1015	0.3105	0.01	31	PLEMESO	Primary	Matched	101	No	Yes	University of Pennsylvania	TS	1.066666667	Pleura	Epithelioid Mesothelioma
TCGA-TS-A7OY-01	4	Pleural Mesothelioma	Pleural Mesothelioma, Epithelioid Type	0.0024	0.32	0	19	PLEMESO	Primary	Matched	36	No	Yes	University of Pennsylvania	TS	0.666666667	Pleura	Epithelioid Mesothelioma
TCGA-TS-A7OZ-01	5	Pleural Mesothelioma	Pleural Mesothelioma, Epithelioid Type	0.2289	0.3142	0	44	PLEMESO	Primary	Matched	136	No	Yes	University of Pennsylvania	TS	1.466666667	Pleura	Epithelioid Mesothelioma
TCGA-TS-A7P0-01	16	Pleural Mesothelioma	Pleural Mesothelioma, Epithelioid Type	0.4653	0.3211	0.16	53	PLEMESO	Primary	Matched	92	No	Yes	University of Pennsylvania	TS	1.8	Pleura	Epithelioid Mesothelioma
TCGA-TS-A7P1-01	5	Pleural Mesothelioma	Pleural Mesothelioma, Epithelioid Type	0.1783	0.307	0.03	20	PLEMESO	Primary	Matched	54	No	Yes	University of Pennsylvania	TS	0.633333333	Pleura	Epithelioid Mesothelioma
TCGA-TS-A7P3-01	2	Pleural Mesothelioma	Pleural Mesothelioma, Epithelioid Type	0.0675	0.3156	0	19	PLEMESO	Primary	Matched	71	No	Yes	University of Pennsylvania	TS	0.633333333	Pleura	Epithelioid Mesothelioma
TCGA-TS-A7P6-01	8	Pleural Mesothelioma	Pleural Mesothelioma, Epithelioid Type	0.4057	0.3314	0.01	20	PLEMESO	Primary	Matched	33	No	Yes	University of Pennsylvania	TS	0.7	Pleura	Epithelioid Mesothelioma
TCGA-TS-A7P7-01		Pleural Mesothelioma	Pleural Mesothelioma, Epithelioid Type	0.2113			0	PLEMESO	Primary	Matched	125	No	Yes	University of Pennsylvania	TS	0	Pleura	Epithelioid Mesothelioma
TCGA-TS-A7P8-01	0	Pleural Mesothelioma	Pleural Mesothelioma, Epithelioid Type	0.0	0.3155	0	42	PLEMESO	Primary	Matched	4	No	Yes	University of Pennsylvania	TS	1.4	Pleura	Epithelioid Mesothelioma
TCGA-TS-A7PB-01	1	Pleural Mesothelioma	Pleural Mesothelioma, Biphasic Type	0.1017	0.313	0	32	PLBMESO	Primary	Matched	66	No	Yes	University of Pennsylvania	TS	1.1	Pleura	Biphasic Mesothelioma
TCGA-TS-A8AF-01		Pleural Mesothelioma	Pleural Mesothelioma, Epithelioid Type	0.3565			0	PLEMESO	Primary	Matched	222	No	Yes	University of Pennsylvania	TS	0	Pleura	Epithelioid Mesothelioma
TCGA-TS-A8AI-01	4	Pleural Mesothelioma	Pleural Mesothelioma, Epithelioid Type	0.2554	0.3276	0	24	PLEMESO	Primary	Matched	118	No	Yes	University of Pennsylvania	TS	0.833333333	Pleura	Epithelioid Mesothelioma
TCGA-TS-A8AS-01	3	Pleural Mesothelioma	Pleural Mesothelioma, Epithelioid Type	0.0074	0.3309	0	17	PLEMESO	Primary	Matched	4	No	Yes	University of Pennsylvania	TS	0.666666667	Pleura	Epithelioid Mesothelioma
TCGA-TS-A8AV-01		Pleural Mesothelioma	Pleural Mesothelioma, Sarcomatoid Type	1.0E-4	0.3224	0	10	PLSMESO	Primary	Matched	1	No	Yes	University of Pennsylvania	TS	0.333333333	Pleura	Sarcomatoid Mesothelioma
TCGA-TS-A8AY-01	7	Pleural Mesothelioma	Pleural Mesothelioma, Epithelioid Type	0.2808	0.3242	0.01	14	PLEMESO	Primary	Matched	104	No	Yes	University of Pennsylvania	TS	0.466666667	Pleura	Epithelioid Mesothelioma
TCGA-UD-AABY-01		Pleural Mesothelioma	Pleural Mesothelioma, Epithelioid Type	0.0564			0	PLEMESO	Primary	Matched	82	No	Yes	University of Western Australia	UD	0	Pleura	Diffuse Malignant Mesothelioma (NOS)
TCGA-UD-AABZ-01	9	Pleural Mesothelioma	Pleural Mesothelioma, Epithelioid Type	0.3122	0.3025	0.05	39	PLEMESO	Primary	Matched	79	No	Yes	University of Western Australia	UD	1.333333333	Pleura	Epithelioid Mesothelioma
TCGA-UD-AAC1-01	4	Pleural Mesothelioma	Pleural Mesothelioma, Epithelioid Type	0.1165	0.4192	2.4	262	PLEMESO	Primary	Matched	3	No	Yes	University of Western Australia	UD	8.766666667	Pleura	Epithelioid Mesothelioma
TCGA-UD-AAC4-01	3	Pleural Mesothelioma	Pleural Mesothelioma, Epithelioid Type	0.095	0.3183	0.05	34	PLEMESO	Primary	Matched	128	No	Yes	University of Western Australia	UD	1.133333333	Pleura	Diffuse Malignant Mesothelioma (NOS)
TCGA-UD-AAC5-01	11	Pleural Mesothelioma	Pleural Mesothelioma, Epithelioid Type	0.431	0.3286	0.15	22	PLEMESO	Primary	Matched	104	No	Yes	University of Western Australia	UD	0.7	Pleura	Epithelioid Mesothelioma
TCGA-UD-AAC6-01	10	Pleural Mesothelioma	Pleural Mesothelioma, Biphasic Type	0.3799	0.3146	0	27	PLBMESO	Primary	Matched	94	No	Yes	University of Western Australia	UD	0.966666667	Pleura	Biphasic Mesothelioma
TCGA-UD-AAC7-01	7	Pleural Mesothelioma	Pleural Mesothelioma, Epithelioid Type	0.6474	0.3222	0.04	16	PLEMESO	Primary	Matched	73	No	Yes	University of Western Australia	UD	0.566666667	Pleura	Epithelioid Mesothelioma
TCGA-UT-A88C-01	10	Pleural Mesothelioma	Pleural Mesothelioma, Epithelioid Type	0.0975	0.3304	0	16	PLEMESO	Primary	Matched	50	No	Yes	Asbestos Diseases Research Institute	UT	0.533333333	Pleura	Epithelioid Mesothelioma
TCGA-UT-A88D-01	1	Pleural Mesothelioma	Pleural Mesothelioma, Epithelioid Type	0.0385	0.329	0	30	PLEMESO	Primary	Matched	34	No	Yes	Asbestos Diseases Research Institute	UT	1	Pleura	Epithelioid Mesothelioma
TCGA-UT-A88E-01	6	Pleural Mesothelioma	Pleural Mesothelioma, Epithelioid Type	0.2184	0.3228	0.05	41	PLEMESO	Primary	Matched	116	No	Yes	Asbestos Diseases Research Institute	UT	1.366666667	Pleura	Epithelioid Mesothelioma
TCGA-UT-A88G-01	28	Pleural Mesothelioma	Pleural Mesothelioma, Biphasic Type	0.7593	0.3564	0.44	29	PLBMESO	Primary	Matched	50	No	Yes	Asbestos Diseases Research Institute	UT	1	Pleura	Biphasic Mesothelioma
TCGA-UT-A97Y-01	6	Pleural Mesothelioma	Pleural Mesothelioma, Epithelioid Type	0.0	0.3298	0	20	PLEMESO	Primary	Matched	41	No	Yes	Asbestos Diseases Research Institute	UT	0.666666667	Pleura	Epithelioid Mesothelioma
TCGA-XT-AASU-01	3	Pleural Mesothelioma	Pleural Mesothelioma, Biphasic Type	0.1727	0.3191	0	40	PLBMESO	Primary	Matched	149	No	Yes	Johns Hopkins	XT	1.366666667	Pleura	Biphasic Mesothelioma
TCGA-YS-A95B-01	6	Pleural Mesothelioma	Pleural Mesothelioma, Epithelioid Type	0.1954	0.3324	0	15	PLEMESO	Primary	Matched	76	No	Yes	Barretos Cancer Hospital	YS	0.5	Pleura	Epithelioid Mesothelioma
TCGA-YS-A95C-01	8	Pleural Mesothelioma	Pleural Mesothelioma, Epithelioid Type	0.2288	0.3281	0.03	19	PLEMESO	Primary	Matched	22	No	Yes	Barretos Cancer Hospital	YS	0.633333333	Pleura	Epithelioid Mesothelioma
TCGA-YS-AA4M-01	3	Pleural Mesothelioma	Pleural Mesothelioma, Epithelioid Type	7.0E-4	0.312	0.01	19	PLEMESO	Primary	Matched	15	No	Yes	Barretos Cancer Hospital	YS	0.633333333	Pleura	Diffuse Malignant Mesothelioma (NOS)
TCGA-ZN-A9VO-01	7	Pleural Mesothelioma	Pleural Mesothelioma, Epithelioid Type	0.2205	0.2964	0.01	23	PLEMESO	Primary	Matched	57	No	Yes	Brigham and Women's Hospital Division of Thoracic Surgery	ZN	0.766666667	Pleura	Epithelioid Mesothelioma
TCGA-ZN-A9VP-01	12	Pleural Mesothelioma	Pleural Mesothelioma, Epithelioid Type	0.3342	0.3184	0.07	20	PLEMESO	Primary	Matched	89	No	Yes	Brigham and Women's Hospital Division of Thoracic Surgery	ZN	0.666666667	Pleura	Epithelioid Mesothelioma
TCGA-ZN-A9VQ-01	4	Pleural Mesothelioma	Pleural Mesothelioma, Biphasic Type	0.1567	0.4222	4.88	0	PLBMESO	Primary	Matched	52	No	Yes	Brigham and Women's Hospital Division of Thoracic Surgery	ZN	0	Pleura	Biphasic Mesothelioma
TCGA-ZN-A9VS-01	9	Pleural Mesothelioma	Pleural Mesothelioma, Epithelioid Type	0.0954	0.3018	0	32	PLEMESO	Primary	Matched	36	No	Yes	Brigham and Women's Hospital Division of Thoracic Surgery	ZN	1.066666667	Pleura	Epithelioid Mesothelioma
TCGA-ZN-A9VU-01	5	Pleural Mesothelioma	Pleural Mesothelioma, Epithelioid Type	0.1627	0.3245	0.08	36	PLEMESO	Primary	Matched	31	No	Yes	Brigham and Women's Hospital Division of Thoracic Surgery	ZN	1.2	Pleura	Epithelioid Mesothelioma
TCGA-ZN-A9VV-01	1	Pleural Mesothelioma	Pleural Mesothelioma, Biphasic Type	0.0294	0.2937	0.05	34	PLBMESO	Primary	Matched	24	No	Yes	Brigham and Women's Hospital Division of Thoracic Surgery	ZN	1.1	Pleura	Biphasic Mesothelioma
TCGA-ZN-A9VW-01	5	Pleural Mesothelioma	Pleural Mesothelioma, Biphasic Type	0.1941	0.2729	0.01	53	PLBMESO	Primary	Matched	127	No	Yes	Brigham and Women's Hospital Division of Thoracic Surgery	ZN	1.8	Pleura	Biphasic Mesothelioma
