patientId	SEX	AGE	RACE	ETHNICITY	AJCC_STAGE	PATH_T	PATH_N	PATH_M	GRADE	OS_MONTHS	OS_STATUS	DSS_MONTHS	DSS_STATUS	MUTATION_COUNT	TMB_NONSYNONYMOUS	FRACTION_GENOME_ALTERED	ANEUPLOIDY_SCORE	TUMOR_TYPE	mut_CTNNB1	mut_TP53	mut_AXIN1	mut_ARID1A	mut_ALB	mut_APOB	mut_RB1	mut_TERT	mut_CDKN2A	mut_ARID2	mut_KEAP1	mut_NFE2L2	mut_PIK3CA	mut_RPS6KA3	mut_BAP1
TCGA-2V-A95S	Male		Asian	Not Hispanic Or Latino	STAGE II	T2	NX	MX	G3		0:LIVING		0:ALIVE OR DEAD TUMOR FREE	85	2.866666667	0.2041	4	Hepatocellular Carcinoma	0	0	0	1	1	0	0	0	0	0	0	0	0	0	0
TCGA-2Y-A9GS	Male	58	White	Hispanic Or Latino	STAGE IV	T2	NX	MX	G2	23.80247888	1:DECEASED	23.80247888	1:DEAD WITH TUMOR	65	2.166666667	0.3002	10	Hepatocellular Carcinoma	0	1	0	0	1	0	0	0	0	0	1	0	0	0	0
TCGA-2Y-A9GT	Male	51	White	Not Hispanic Or Latino	STAGE I	T1	NX	MX	G2	53.39119571	1:DECEASED	53.39119571	1:DEAD WITH TUMOR	84	2.766666667	0.0622	1	Hepatocellular Carcinoma	0	0	0	0	0	0	0	0	0	0	0	0	0	0	0
TCGA-2Y-A9GU	Female	55	White	Not Hispanic Or Latino	STAGE I	T1	NX	MX	G2	63.74724661	0:LIVING	63.74724661	0:ALIVE OR DEAD TUMOR FREE	138	4.666666667	0.3157	11	Hepatocellular Carcinoma	0	0	0	0	0	0	0	0	0	0	0	0	0	0	1
TCGA-2Y-A9GV	Female	54	White	Not Hispanic Or Latino	STAGE I	T1	NX	MX	G1	83.24292337	1:DECEASED	83.24292337	1:DEAD WITH TUMOR	61	2.066666667	0.0928	2	Hepatocellular Carcinoma	0	0	0	0	0	0	0	0	0	0	0	0	0	0	0
TCGA-2Y-A9GW	Male	64	White	Not Hispanic Or Latino	STAGE I	T1	N0	MX	G2	41.78584344	1:DECEASED	41.78584344	1:DEAD WITH TUMOR	70	2.333333333	0.1478	7	Hepatocellular Carcinoma	0	0	0	0	0	0	0	0	0	0	0	0	0	0	0
TCGA-2Y-A9GX	Male	68	White	Not Hispanic Or Latino	STAGE I	T1	NX	MX	G2	80.28405168	0:LIVING	80.28405168	0:ALIVE OR DEAD TUMOR FREE	55	1.833333333	0.0122	3	Hepatocellular Carcinoma	0	0	0	0	0	0	0	0	0	0	0	0	0	0	0
TCGA-2Y-A9GY	Female	64	White	Not Hispanic Or Latino	STAGE II	T2	NX	MX	G3	24.88739849	1:DECEASED	24.88739849	1:DEAD WITH TUMOR	68	2.233333333	0.4929	27	Hepatocellular Carcinoma	0	1	0	0	0	0	0	0	0	0	1	0	0	1	0
TCGA-2Y-A9GZ	Female	82	White	Not Hispanic Or Latino	STAGE II	T2	NX	MX	G2	27.87914653	1:DECEASED	27.87914653	1:DEAD WITH TUMOR	82	2.8	0.4572	16	Hepatocellular Carcinoma	0	0	0	0	1	0	0	0	0	0	0	0	0	0	0
TCGA-2Y-A9H0	Male	49	White	Hispanic Or Latino	STAGE IIIA	T3	N0	M0	G1	120.8205938	0:LIVING	120.8205938	0:ALIVE OR DEAD TUMOR FREE	73	2.4	0.2037	8	Hepatocellular Carcinoma	0	0	0	0	0	0	0	0	0	0	0	0	0	0	0
TCGA-2Y-A9H1	Male	58	White	Not Hispanic Or Latino	STAGE I	T1	NX	MX	G2	40.40503666	1:DECEASED	40.40503666	1:DEAD WITH TUMOR	119	4.033333333	0.1707	5	Hepatocellular Carcinoma	1	0	0	0	0	0	0	0	0	0	0	0	0	0	0
TCGA-2Y-A9H2	Female	64	White	Not Hispanic Or Latino	STAGE I	T1	N0	MX	G3	56.90896538	0:LIVING	56.90896538	0:ALIVE OR DEAD TUMOR FREE	53	1.766666667	0.7126	25	Hepatocellular Carcinoma	0	0	0	0	0	0	0	0	0	0	0	0	0	0	1
TCGA-2Y-A9H3	Male	45	White	Hispanic Or Latino	STAGE II	T2	NX	MX	G1	49.84054969	0:LIVING	49.84054969	0:ALIVE OR DEAD TUMOR FREE	165	5.7	0.1642	21	Hepatocellular Carcinoma	0	0	0	0	0	0	0	0	0	0	1	0	0	0	1
TCGA-2Y-A9H4	Male	68	Black or African American	Not Hispanic Or Latino	STAGE I	T1	N0	MX	G2	47.73646316	0:LIVING	47.73646316	0:ALIVE OR DEAD TUMOR FREE	64	2.166666667	0.258	5	Hepatocellular Carcinoma	0	1	0	0	0	0	0	0	0	0	0	0	0	0	0
TCGA-2Y-A9H5	Female	59	White	Not Hispanic Or Latino	STAGE I	T1	N0	MX	G3	18.24637538	1:DECEASED	18.24637538	1:DEAD WITH TUMOR	71	2.433333333	0.3411	7	Hepatocellular Carcinoma	0	0	0	0	0	0	0	0	0	0	0	0	0	0	0
TCGA-2Y-A9H6	Female	68	White	Not Hispanic Or Latino	STAGE I	T1	NX	MX	G2	11.73685768	0:LIVING	11.73685768	0:ALIVE OR DEAD TUMOR FREE	52	1.766666667	0.2319	6	Hepatocellular Carcinoma	0	0	0	0	0	0	0	0	0	0	0	0	0	0	1
TCGA-2Y-A9H7	Female	81	White	Not Hispanic Or Latino	STAGE I	T1	N0	MX	G2	38.39957918	0:LIVING	38.39957918	0:ALIVE OR DEAD TUMOR FREE	76	2.566666667	0.1493	5	Hepatocellular Carcinoma	0	0	1	0	0	0	0	0	0	0	0	0	0	0	0
TCGA-2Y-A9H8	Female	85	White	Not Hispanic Or Latino	STAGE II	T1	NX	MX	G2	20.81073084	1:DECEASED	20.81073084	1:DEAD WITH TUMOR	64	2.2	0.5459	15	Hepatocellular Carcinoma	0	1	0	0	0	0	0	0	0	0	0	0	0	0	0
TCGA-2Y-A9H9	Male	70	White	Not Hispanic Or Latino	STAGE I	T1	N0	MX	G2	22.91481737	0:LIVING	22.91481737	0:ALIVE OR DEAD TUMOR FREE	123	4.066666667	0.2167	3	Hepatocellular Carcinoma	0	0	0	0	0	0	0	0	0	0	0	0	0	0	0
TCGA-2Y-A9HA	Male	70	White	Not Hispanic Or Latino	STAGE II	T2	NX	MX	G2	1.183548673	1:DECEASED	1.183548673	1:DEAD WITH TUMOR	140	4.666666667	0.2773	5	Hepatocellular Carcinoma	1	1	0	0	0	0	0	0	0	0	0	0	0	0	0
TCGA-2Y-A9HB	Male	66		Hispanic Or Latino	STAGE I	T1	NX	MX	G2	8.54785153	0:LIVING	8.54785153	0:ALIVE OR DEAD TUMOR FREE	67	2.266666667	0.1585	7	Hepatocellular Carcinoma	1	0	0	0	0	0	0	0	0	0	0	0	0	1	0
TCGA-3K-AAZ8	Male	65	Black or African American	Not Hispanic Or Latino	STAGE IIIB	T3B	NX	MX	G1	13.01903541	0:LIVING	13.01903541	0:ALIVE OR DEAD TUMOR FREE	128	4.266666667	0.1333	20	Hepatocellular Carcinoma	1	0	0	0	1	0	0	0	0	1	0	0	0	0	0
TCGA-4R-AA8I	Male	66	White	Not Hispanic Or Latino	STAGE II	T2	NX	MX	G2	8.613604235	1:DECEASED	8.613604235	1:DEAD WITH TUMOR	1057	35.66666667	0.1264	1	Hepatocellular Carcinoma	1	1	0	0	0	1	0	0	0	0	0	0	0	0	0
TCGA-5C-A9VG	Male	58	White	Not Hispanic Or Latino	STAGE II	T2	N0	M0	G2	10.78344347	0:LIVING	10.78344347	0:ALIVE OR DEAD TUMOR FREE	128	4.266666667	0.1707	21	Hepatocellular Carcinoma	1	0	0	0	0	0	0	0	0	0	0	0	0	0	0
TCGA-5C-A9VH	Male	70	White	Not Hispanic Or Latino	STAGE I	T1	N0	M0	G2	10.58618536	0:LIVING	10.58618536	0:ALIVE OR DEAD TUMOR FREE	95	3.166666667	0.2059	6	Hepatocellular Carcinoma	0	0	0	0	0	0	0	0	0	0	0	0	0	0	0
TCGA-5C-AAPD	Male	61	Asian	Not Hispanic Or Latino	STAGE II	T2	N0	M0	G1	0.657527041	0:LIVING	0.657527041	0:ALIVE OR DEAD TUMOR FREE	67	2.233333333	0.3876	12	Hepatocholangiocarcinoma (Mixed)	0	1	0	0	0	0	0	0	0	0	0	0	0	0	0
TCGA-5R-AA1C	Male	57	White	Not Hispanic Or Latino	STAGE II	T2	N0	M0	G2	17.09570306	0:LIVING	17.09570306	0:ALIVE OR DEAD TUMOR FREE	86	2.833333333	0.3975	11	Hepatocellular Carcinoma	1	0	0	0	0	0	0	0	0	0	0	0	0	0	0
TCGA-5R-AA1D	Female	17	White	Not Hispanic Or Latino	STAGE IIIA	T3A	N0	M0	G3	14.76148207	0:LIVING	14.76148207	0:ALIVE OR DEAD TUMOR FREE	15	0.5	0.0307	4	Hepatocellular Carcinoma	0	0	0	0	0	0	0	0	0	0	0	0	0	0	0
TCGA-5R-AAAM	Female	65	White	Not Hispanic Or Latino	STAGE II	T2	N0	M0	G2	1.512312194	1:DECEASED	1.512312194	0:ALIVE OR DEAD TUMOR FREE	80	2.666666667	0.1147	4	Hepatocellular Carcinoma	0	0	0	0	0	0	0	0	0	0	0	1	0	0	0
TCGA-BC-4072	Female	74	White	Not Hispanic Or Latino	STAGE IIIA	T3	N0	M0	G3	48.98576454	1:DECEASED	48.98576454	1:DEAD WITH TUMOR	0	0	0.2371		Hepatocellular Carcinoma	0	0	0	0	0	0	0	0	0	0	0	0	0	0	0
TCGA-BC-4073	Male	73	White	Not Hispanic Or Latino	STAGE IIIA	T3	N0	MX	G3	27.91202288	0:LIVING	27.91202288	0:ALIVE OR DEAD TUMOR FREE	124	4.166666667	0.0745	1	Hepatocellular Carcinoma	0	0	0	0	1	0	0	0	0	0	0	0	0	0	0
TCGA-BC-A10Q	Female	72	White	Not Hispanic Or Latino		T2	NX	MX		37.31465957	1:DECEASED	37.31465957	1:DEAD WITH TUMOR	32	1.133333333	0.6242	22	Hepatocellular Carcinoma	0	0	0	0	0	0	0	0	0	0	0	0	0	0	1
TCGA-BC-A10R	Female	66	White	Not Hispanic Or Latino		T3	NX	MX	G2	10.12591643	1:DECEASED	10.12591643	1:DEAD WITH TUMOR	107	3.6	0.6186	22	Hepatocellular Carcinoma	0	1	0	0	0	0	0	0	0	0	0	0	0	0	1
TCGA-BC-A10S	Male	81	White	Not Hispanic Or Latino		T3	NX	MX	G1	46.78304895	1:DECEASED	46.78304895	1:DEAD WITH TUMOR			0.1657	8	Hepatocellular Carcinoma	0	0	0	0	0	0	0	0	0	0	0	0	0	0	0
TCGA-BC-A10T	Male	76	White	Not Hispanic Or Latino		T4	NX	MX	G1	27.51750666	1:DECEASED	27.51750666	1:DEAD WITH TUMOR	65	2.166666667	0.2625	3	Hepatocellular Carcinoma	0	0	0	0	0	0	0	0	0	0	0	0	0	0	0
TCGA-BC-A10U	Male	69	White	Not Hispanic Or Latino		T2	NX	MX	G2	27.51750666	1:DECEASED	27.51750666	1:DEAD WITH TUMOR	127	4.266666667	0.3133	9	Hepatocellular Carcinoma	0	1	0	0	0	0	0	0	0	0	0	0	0	0	0
TCGA-BC-A10W	Male	50	Asian	Not Hispanic Or Latino		T4	NX	MX	G3	2.991748036	1:DECEASED	2.991748036	1:DEAD WITH TUMOR	93	3.1	0.2378	4	Hepatocellular Carcinoma	0	0	0	1	0	0	1	0	0	0	0	0	0	0	0
TCGA-BC-A10X	Female	52	White	Not Hispanic Or Latino	STAGE IIIA	T3A	N0	MX	G2	25.31479107	1:DECEASED	25.31479107	0:ALIVE OR DEAD TUMOR FREE	1	0.033333333	1.0E-4	0	Hepatocellular Carcinoma	0	0	0	0	0	0	0	0	0	0	0	0	0	0	0
TCGA-BC-A10Y	Male	76	White	Not Hispanic Or Latino		T4	NX	MX	G3	23.3750863	1:DECEASED	23.3750863	1:DEAD WITH TUMOR	54	1.766666667	0.1971	2	Hepatocellular Carcinoma	0	0	0	0	0	0	0	0	0	0	0	0	0	0	0
TCGA-BC-A10Z	Female	62	White	Not Hispanic Or Latino	STAGE I	T1	N0	MX	G2	1.117795969	1:DECEASED	1.117795969	0:ALIVE OR DEAD TUMOR FREE	167	5.566666667	0.2009	2	Hepatocellular Carcinoma	0	0	0	0	0	1	0	0	0	0	0	0	0	0	0
TCGA-BC-A110	Female	51	Black or African American	Not Hispanic Or Latino		T1	NX	MX	G1	69.56636092	1:DECEASED	69.56636092	1:DEAD WITH TUMOR			0.0	0	Hepatocellular Carcinoma	0	0	0	0	0	0	0	0	0	0	0	0	0	0	0
TCGA-BC-A112	Male	80	White	Not Hispanic Or Latino		T3	NX	MX	G2	5.030081862	1:DECEASED	5.030081862	0:ALIVE OR DEAD TUMOR FREE	0	0	0.1901	23	Hepatocellular Carcinoma	0	0	0	0	0	0	0	0	0	0	0	0	0	0	0
TCGA-BC-A216	Female	62	White		STAGE IIIA	T3	NX	M0	G2	44.41595161	0:LIVING	44.41595161	0:ALIVE OR DEAD TUMOR FREE	64	2.166666667	0.1978	5	Hepatocellular Carcinoma	0	1	0	0	0	0	0	0	0	0	0	0	0	0	0
TCGA-BC-A217	Female	75	White		STAGE II	T2	NX	M0	G3	45.9282638	1:DECEASED	45.9282638	0:ALIVE OR DEAD TUMOR FREE	93	3.133333333	0.5211	23	Hepatocellular Carcinoma	0	1	0	0	0	0	0	0	0	0	0	0	0	0	0
TCGA-BC-A3KF	Female	66	White		STAGE I	T1	NX	M0	G2	0.263010816	0:LIVING	0.263010816	0:ALIVE OR DEAD TUMOR FREE	82	2.7	0.3866	7	Hepatocellular Carcinoma	0	0	0	0	0	0	0	0	0	0	0	0	0	0	0
TCGA-BC-A3KG	Female	68	White	Not Hispanic Or Latino	STAGE II	T2	N0	M0	G3	22.35591939	0:LIVING	22.35591939	0:ALIVE OR DEAD TUMOR FREE	0	0	0.3731	7	Hepatocellular Carcinoma	0	0	0	0	0	0	0	0	0	0	0	0	0	0	0
TCGA-BC-A5W4	Male	69	White	Not Hispanic Or Latino	STAGE IIIA	T3A	NX	M0	G3	17.98336457	1:DECEASED	17.98336457	0:ALIVE OR DEAD TUMOR FREE	66	2.233333333	0.7631	16	Hepatocellular Carcinoma	1	1	0	0	0	0	0	0	0	0	0	0	0	0	0
TCGA-BC-A69H	Male	64	White	Not Hispanic Or Latino	STAGE II	T2	NX	M0	G3	14.59710031	0:LIVING	14.59710031	0:ALIVE OR DEAD TUMOR FREE	95	3.2	0.4903	18	Hepatocellular Carcinoma	1	1	0	0	0	0	0	0	0	0	0	0	0	0	0
TCGA-BC-A69I	Male	69	White		STAGE I	T1	N0	M0	G1	12.72314824	0:LIVING	12.72314824	0:ALIVE OR DEAD TUMOR FREE			0.1851	5	Hepatocellular Carcinoma	0	0	0	0	0	0	0	0	0	0	0	0	0	0	0
TCGA-BC-A8YO	Female	66	White	Not Hispanic Or Latino	STAGE IIIC	T4	N0	M0	G3	18.47650985	0:LIVING	18.47650985	0:ALIVE OR DEAD TUMOR FREE	65	2.133333333	0.1144	3	Hepatocellular Carcinoma	0	1	0	0	1	0	0	0	0	0	1	0	0	0	0
TCGA-BD-A2L6	Male	69	White			T2	NX	MX	G2	44.81046783	0:LIVING	44.81046783	0:ALIVE OR DEAD TUMOR FREE	70	2.333333333	0.1535	6	Hepatocellular Carcinoma	0	0	0	0	0	0	0	0	0	0	0	0	0	0	0
TCGA-BD-A3EP	Female	75	Black or African American	Not Hispanic Or Latino	STAGE I	T1	N0	M0	G2	13.44642798	0:LIVING	13.44642798	0:ALIVE OR DEAD TUMOR FREE	107	3.566666667	0.2651	25	Hepatocellular Carcinoma	0	1	0	0	0	0	0	0	0	0	0	0	0	0	0
TCGA-BW-A5NO	Male	50	Black or African American	Not Hispanic Or Latino	STAGE IIIA	T3A	NX	MX	G2	0.657527041	0:LIVING	0.657527041	0:ALIVE OR DEAD TUMOR FREE	110	3.7	0.5445	21	Hepatocellular Carcinoma	0	1	0	0	0	0	0	1	0	0	0	0	0	0	0
TCGA-BW-A5NP	Female	26	White	Hispanic Or Latino	STAGE IV	T2	N0	M1	G3	0	0:LIVING	0	0:ALIVE OR DEAD TUMOR FREE	71	2.366666667	0.5159		Hepatocellular Carcinoma	0	0	0	0	0	0	0	0	0	0	0	0	0	0	0
TCGA-BW-A5NQ	Male	63	White	Not Hispanic Or Latino	STAGE I	T1	NX	MX	G3	0	0:LIVING	0	0:ALIVE OR DEAD TUMOR FREE	91	3	0.3205	34	Hepatocellular Carcinoma	1	1	0	1	0	0	0	0	0	0	0	0	0	0	0
TCGA-CC-5258	Male	48	Asian	Not Hispanic Or Latino	STAGE II	T2	N0	M0	G2	4.241049413	1:DECEASED	4.241049413	0:ALIVE OR DEAD TUMOR FREE	125	4.233333333	0.2812	11	Hepatocellular Carcinoma	0	1	0	1	0	0	0	0	0	0	0	0	0	0	0
TCGA-CC-5259	Female	60	Asian	Not Hispanic Or Latino	STAGE IIIC	T4	N0	M0	G2	8.21908801	0:LIVING	8.21908801	0:ALIVE OR DEAD TUMOR FREE	137	4.6			Hepatocellular Carcinoma	0	1	0	0	0	1	0	0	0	0	0	0	1	0	0
TCGA-CC-5260	Female	61	Asian	Not Hispanic Or Latino	STAGE IIIC	T4	N0	M0	G1	2.860242628	1:DECEASED	2.860242628	0:ALIVE OR DEAD TUMOR FREE	49	1.733333333	0.262	7	Hepatocellular Carcinoma	0	0	0	0	0	0	0	0	0	0	0	0	0	0	1
TCGA-CC-5261	Male	44	Asian	Not Hispanic Or Latino	STAGE II	T2	N0	M0	G2	3.189006148	1:DECEASED	3.189006148	0:ALIVE OR DEAD TUMOR FREE	0	0	0.3983	15	Hepatocellular Carcinoma	0	0	0	0	0	0	0	0	0	0	0	0	0	0	0
TCGA-CC-5262	Male	67	Asian	Not Hispanic Or Latino	STAGE IIIC	T4	N0	M0	G1	3.38626426	1:DECEASED	3.38626426	0:ALIVE OR DEAD TUMOR FREE	125	4.166666667	0.1458	5	Hepatocellular Carcinoma	1	0	0	1	0	0	0	0	0	0	0	0	0	0	0
TCGA-CC-5263	Male	35	Asian	Not Hispanic Or Latino	STAGE IIIA	T3	N0	M0	G1	4.241049413	1:DECEASED	4.241049413	0:ALIVE OR DEAD TUMOR FREE	111	3.633333333	0.3312	8	Hepatocellular Carcinoma	0	1	0	0	0	0	0	0	0	0	0	0	0	0	0
TCGA-CC-5264	Male	71	Asian	Not Hispanic Or Latino	STAGE IIIA	T3	N0	M0	G2	3.353387908	1:DECEASED	3.353387908	0:ALIVE OR DEAD TUMOR FREE	89	2.933333333	0.7745	24	Hepatocellular Carcinoma	0	0	0	0	0	0	0	0	0	0	0	0	0	0	0
TCGA-CC-A123	Female	24	Asian	Not Hispanic Or Latino	STAGE IIIA	T3	N0	M0	G1	7.199921097	0:LIVING	7.199921097	0:ALIVE OR DEAD TUMOR FREE	75	2.5			Hepatocellular Carcinoma	0	0	0	1	0	0	0	0	0	0	0	0	0	0	0
TCGA-CC-A1HT	Male	50	Asian	Not Hispanic Or Latino	STAGE IIIA	T3	N0	M0	G3	3.320511556	1:DECEASED	3.320511556	0:ALIVE OR DEAD TUMOR FREE	90	3.066666667	0.1766	14	Hepatocellular Carcinoma	0	1	0	0	0	0	0	0	0	0	0	0	0	0	0
TCGA-CC-A3M9	Male	45	Asian	Not Hispanic Or Latino	STAGE IIIA	T3	N0	M0	G3	9.862905612	1:DECEASED	9.862905612	1:DEAD WITH TUMOR	124	4.1	0.2876	23	Hepatocellular Carcinoma	0	1	0	0	0	0	0	0	0	0	0	0	0	0	0
TCGA-CC-A3MA	Male	61	Asian	Not Hispanic Or Latino	STAGE IIIA	T3	N0	M0	G2	9.961534668	1:DECEASED	9.961534668	1:DEAD WITH TUMOR	40	1.4	0.3679	8	Hepatocellular Carcinoma	0	1	0	0	0	0	0	0	0	1	0	0	0	0	0
TCGA-CC-A3MB	Male	36	Asian	Not Hispanic Or Latino	STAGE IIIA	T3	N0	M0	G1	10.35605089	1:DECEASED	10.35605089	1:DEAD WITH TUMOR	71	2.4	0.4977	20	Hepatocellular Carcinoma	0	1	0	0	0	0	0	0	0	0	0	0	0	0	0
TCGA-CC-A3MC	Male	54	Asian	Not Hispanic Or Latino	STAGE IIIA	T3	N0	M0	G2	11.93411579	0:LIVING	11.93411579	0:ALIVE OR DEAD TUMOR FREE	98	3.3	0.2075	6	Hepatocellular Carcinoma	0	0	0	0	0	0	0	0	0	0	0	0	0	0	0
TCGA-CC-A5UC	Male	63	Asian	Not Hispanic Or Latino	STAGE IIIA	T3	N0	M0	G3	11.40809416	1:DECEASED	11.40809416	1:DEAD WITH TUMOR	49	1.633333333	0.1929	19	Hepatocellular Carcinoma	0	0	1	0	0	0	0	0	0	0	0	0	0	0	0
TCGA-CC-A5UD	Male	45	Asian	Not Hispanic Or Latino	STAGE IIIA	T3	N0	M0	G2	9.99441102	1:DECEASED	9.99441102	1:DEAD WITH TUMOR	185	6.1	0.7883	19	Hepatocellular Carcinoma	1	1	0	1	0	0	0	0	0	0	0	0	0	0	0
TCGA-CC-A5UE	Male	48	Asian	Not Hispanic Or Latino	STAGE IIIB	T4	N0	M0	G2	8.942367755	1:DECEASED	8.942367755	1:DEAD WITH TUMOR	123	4.066666667	0.4774	25	Hepatocellular Carcinoma	0	1	1	0	1	0	0	0	0	0	0	0	0	0	0
TCGA-CC-A7IE	Male	57	Asian	Not Hispanic Or Latino	STAGE IIIA	T3	N0	M0	G2	7.134168393	1:DECEASED	7.134168393	1:DEAD WITH TUMOR	153	5.066666667	0.2316	20	Hepatocellular Carcinoma	0	0	0	0	0	0	0	0	0	1	0	0	0	0	0
TCGA-CC-A7IF	Male	59	Asian	Not Hispanic Or Latino	STAGE IIIA	T3	N0	M0	G1	21.33675247	1:DECEASED	21.33675247	1:DEAD WITH TUMOR	113	3.8	0.3131	11	Hepatocellular Carcinoma	0	0	0	0	0	0	0	0	0	0	0	0	0	0	0
TCGA-CC-A7IG	Male	47	Asian	Not Hispanic Or Latino	STAGE II	T2	N0	M0	G2	9.83002926	1:DECEASED	9.83002926	1:DEAD WITH TUMOR	134	4.466666667	0.5148	18	Hepatocellular Carcinoma	0	1	0	0	0	1	1	0	0	0	0	0	0	0	0
TCGA-CC-A7IH	Male	58	Asian	Not Hispanic Or Latino	STAGE IIIA	T3	N0	M0	G1	11.9998685	0:LIVING	11.9998685	0:ALIVE OR DEAD TUMOR FREE	682	22.9	0.2328	7	Hepatocellular Carcinoma	1	0	0	0	0	1	0	0	0	0	0	0	0	0	0
TCGA-CC-A7II	Male	54	Asian	Not Hispanic Or Latino	STAGE IIIA	T3	N0	M0	G3	13.11766446	0:LIVING	13.11766446	0:ALIVE OR DEAD TUMOR FREE	145	4.866666667	0.3973	27	Hepatocellular Carcinoma	0	1	0	0	0	0	0	0	0	0	0	0	0	0	0
TCGA-CC-A7IJ	Male	56	Asian	Not Hispanic Or Latino	STAGE II	T2	N0	M0	G3	12.55876648	0:LIVING	12.55876648	0:ALIVE OR DEAD TUMOR FREE	143	4.733333333	0.1956	12	Hepatocellular Carcinoma	0	1	0	0	0	0	0	0	0	0	0	0	0	0	0
TCGA-CC-A7IK	Male	59	Asian	Not Hispanic Or Latino	STAGE IIIA	T3	N0	M0	G3	8.613604235	1:DECEASED	8.613604235	1:DEAD WITH TUMOR	286	9.666666667	0.6191	27	Hepatocellular Carcinoma	1	0	0	0	0	0	0	0	0	0	1	0	0	0	0
TCGA-CC-A7IL	Male	61	Asian	Not Hispanic Or Latino	STAGE IIIA	T3	N0	M0	G1	9.139625867	1:DECEASED	9.139625867	1:DEAD WITH TUMOR	98	3.3	0.5176	21	Hepatocellular Carcinoma	1	0	0	0	0	0	0	0	0	0	0	0	0	0	0
TCGA-CC-A8HT	Male	74	Asian	Not Hispanic Or Latino	STAGE IIIA	T3	N0	M0	G2	4.602689286	1:DECEASED	4.602689286	1:DEAD WITH TUMOR	184	6.133333333	0.2075	8	Hepatocellular Carcinoma	0	1	0	0	1	0	0	0	0	1	0	0	0	0	0
TCGA-CC-A8HU	Female	39	Asian	Not Hispanic Or Latino	STAGE IIIA	T3	N0	M0	G3	11.3094651	1:DECEASED	11.3094651	1:DEAD WITH TUMOR	84	2.9	0.48	17	Hepatocellular Carcinoma	0	1	0	0	0	0	1	0	0	0	0	0	0	0	0
TCGA-CC-A8HV	Female	51	Asian	Not Hispanic Or Latino	STAGE II	T2	N0	M0	G2	9.172502219	1:DECEASED	9.172502219	1:DEAD WITH TUMOR	126	4.2	0.7783	28	Hepatocellular Carcinoma	0	1	0	0	0	0	0	0	0	0	0	0	0	0	0
TCGA-CC-A9FS	Male	55	Asian	Not Hispanic Or Latino	STAGE II	T2	N0	M0	G2	6.93691028	0:LIVING	6.93691028	0:ALIVE OR DEAD TUMOR FREE	95	3.266666667	0.3183	9	Hepatocellular Carcinoma	0	0	1	1	0	0	0	0	0	0	0	0	0	0	0
TCGA-CC-A9FU	Female	52	Asian	Not Hispanic Or Latino	STAGE IIIA	T3A	N0	M0	G2	0	0:LIVING	0	0:ALIVE OR DEAD TUMOR FREE	49	1.633333333	0.6007	17	Hepatocellular Carcinoma	0	0	1	0	0	0	0	0	0	0	0	0	0	0	0
TCGA-CC-A9FV	Male	57	Asian	Not Hispanic Or Latino	STAGE IIIA	T3	N0	M0	G2	0	0:LIVING	0	0:ALIVE OR DEAD TUMOR FREE	17	0.566666667	0.0	0	Hepatocellular Carcinoma	0	0	0	0	0	0	0	0	0	0	0	0	0	0	0
TCGA-CC-A9FW	Male	68	Asian	Not Hispanic Or Latino	STAGE IIIA	T3	N0	M0	G2	8.153335306	0:LIVING	8.153335306	0:ALIVE OR DEAD TUMOR FREE	134	4.6	0.6828	23	Hepatocellular Carcinoma	1	0	0	0	0	0	0	0	0	0	0	0	0	1	0
TCGA-DD-A113	Female	55	White	Not Hispanic Or Latino	STAGE II	T2	N0	M0	G3	79.7251537	0:LIVING	79.7251537	0:ALIVE OR DEAD TUMOR FREE	135	8.933333333	0.7339	23	Hepatocellular Carcinoma	0	0	0	0	0	0	1	0	0	0	0	0	0	0	0
TCGA-DD-A114	Male	42	Black or African American	Not Hispanic Or Latino	STAGE II	T2		M0	G3	37.77492849	1:DECEASED	37.77492849	0:ALIVE OR DEAD TUMOR FREE	98	6.566666667	0.084	9	Hepatocellular Carcinoma	0	1	0	0	0	0	1	0	0	0	0	0	0	0	0
TCGA-DD-A115	Male	53	White		STAGE IIIA	T3	N0	M0	G2	83.57168689	1:DECEASED	83.57168689	1:DEAD WITH TUMOR	80	5.333333333	0.23	10	Hepatocellular Carcinoma	0	0	0	0	0	0	0	0	0	0	0	0	0	0	0
TCGA-DD-A116	Male	68	Asian	Not Hispanic Or Latino	STAGE IIIA	T3	N0	M0	G3	53.32544301	1:DECEASED	53.32544301	0:ALIVE OR DEAD TUMOR FREE	103	3.466666667	0.2512	9	Hepatocellular Carcinoma	1	0	0	0	0	0	0	0	0	0	0	0	0	0	0
TCGA-DD-A118	Female	77	White	Not Hispanic Or Latino	STAGE II	T2	N0	M0	G2	112.996022	0:LIVING	112.996022	0:ALIVE OR DEAD TUMOR FREE	108	3.633333333	0.5316	18	Hepatocellular Carcinoma	0	0	0	0	0	0	0	0	0	0	0	0	0	0	1
TCGA-DD-A119	Male	40	Asian	Not Hispanic Or Latino	STAGE IV	T3A	N0	M1	G3	7.331426505	1:DECEASED	7.331426505		64	4.133333333	0.3521	6	Hepatocellular Carcinoma	0	0	0	0	0	0	0	0	0	0	0	0	0	0	0
TCGA-DD-A11A	Male	67	Black or African American	Not Hispanic Or Latino	STAGE I	T1	N0	M0	G3	2.597231811	0:LIVING	2.597231811	0:ALIVE OR DEAD TUMOR FREE	122	4.066666667	0.5544	15	Hepatocellular Carcinoma	0	1	0	0	0	0	0	0	0	0	0	0	0	0	0
TCGA-DD-A11B	Male	73	White	Not Hispanic Or Latino	STAGE I	T1	N0	M0	G2	0.460268929	1:DECEASED	0.460268929	0:ALIVE OR DEAD TUMOR FREE	44	2.9	0.222	9	Hepatocellular Carcinoma	0	0	0	0	0	0	0	0	0	0	0	0	0	0	0
TCGA-DD-A11C	Male	69	White	Not Hispanic Or Latino	STAGE I	T1	N0	M0	G3	21.76414505	0:LIVING	21.76414505	0:ALIVE OR DEAD TUMOR FREE	80	2.733333333	0.5277	5	Hepatocellular Carcinoma	0	0	0	0	0	0	0	0	0	0	0	0	0	0	0
TCGA-DD-A11D	Female	57	White	Not Hispanic Or Latino	STAGE I	T1	N0	M0	G2	51.28710918	1:DECEASED	51.28710918	1:DEAD WITH TUMOR	113	3.766666667	0.1784	7	Hepatocellular Carcinoma	0	0	0	0	0	0	0	0	0	0	0	0	0	0	0
TCGA-DD-A1E9	Male	70	White	Not Hispanic Or Latino	STAGE I	T1	N0	M0	G2	90.70585528	1:DECEASED	90.70585528		54	1.8	0.2581	32	Hepatocellular Carcinoma	0	0	0	0	1	0	0	0	0	0	0	0	0	0	0
TCGA-DD-A1EA	Male	68	Asian	Not Hispanic Or Latino	STAGE II	T2	N0	M0	G2	79.39639018	0:LIVING	79.39639018	0:ALIVE OR DEAD TUMOR FREE	0	0	0.1247	5	Hepatocellular Carcinoma	0	0	0	0	0	0	0	0	0	0	0	0	0	0	0
TCGA-DD-A1EB	Female	72			STAGE I	T1	N0	M0	G2	66.31160207	0:LIVING	66.31160207	0:ALIVE OR DEAD TUMOR FREE	159	5.3	0.1115	3	Hepatocellular Carcinoma	0	1	0	0	0	0	0	0	0	0	0	0	0	0	0
TCGA-DD-A1EC	Female	20	White	Not Hispanic Or Latino	STAGE I	T1	N0	M0	G3	19.79156393	0:LIVING	19.79156393	0:ALIVE OR DEAD TUMOR FREE	22	0.733333333	0.2165	8	Hepatocellular Carcinoma	0	0	0	0	0	0	0	0	0	0	0	0	0	0	0
TCGA-DD-A1ED	Male	68	White	Not Hispanic Or Latino	STAGE I	T1	N0	M0	G1	75.64848604	0:LIVING	75.64848604	0:ALIVE OR DEAD TUMOR FREE	26	0.9	0.0	0	Hepatocellular Carcinoma	0	0	0	0	0	0	0	0	0	0	0	0	0	0	0
TCGA-DD-A1EE	Male	73	White	Not Hispanic Or Latino	STAGE IIIA	T3	N0	M0	G3	11.47384686	1:DECEASED	11.47384686	1:DEAD WITH TUMOR	664	22.13333333	0.1807	6	Hepatocellular Carcinoma	1	1	0	1	1	1	1	0	0	0	0	0	1	1	0
TCGA-DD-A1EF	Female	57	White	Not Hispanic Or Latino	STAGE I	T1	N0	M0	G3	12.9532827	1:DECEASED	12.9532827	1:DEAD WITH TUMOR	110	3.633333333	0.3399	29	Hepatocellular Carcinoma	0	0	0	0	0	0	0	0	0	0	0	0	0	0	1
TCGA-DD-A1EG	Male	76	White	Not Hispanic Or Latino	STAGE I	T1	N0	M0	G3	45.106355	1:DECEASED	45.106355	1:DEAD WITH TUMOR			0.3121	21	Hepatocellular Carcinoma	0	0	0	0	0	0	0	0	0	0	0	0	0	0	0
TCGA-DD-A1EH	Male	23	White	Not Hispanic Or Latino	STAGE III	T3	N0	M0	G3	49.1501463	0:LIVING	49.1501463	0:ALIVE OR DEAD TUMOR FREE	38	1.266666667	0.2424	6	Hepatocellular Carcinoma	0	0	1	1	0	0	0	0	0	0	0	0	0	1	0
TCGA-DD-A1EI	Male	46	Asian	Not Hispanic Or Latino	STAGE I	T1	N0	M0	G2	6.016372423	0:LIVING	6.016372423	0:ALIVE OR DEAD TUMOR FREE	55	1.833333333	0.2275	14	Hepatocellular Carcinoma	0	1	0	0	0	0	0	0	0	0	0	0	0	0	0
TCGA-DD-A1EJ	Female	71	White	Not Hispanic Or Latino	STAGE IIIC	T1	N1	M0	G2	33.0407338	1:DECEASED	33.0407338	1:DEAD WITH TUMOR	60	1.966666667	0.3128	11	Hepatocellular Carcinoma	1	0	0	0	0	0	0	0	0	0	0	0	0	0	0
TCGA-DD-A1EK	Female	64	White	Not Hispanic Or Latino	STAGE IVB	T4	N0	M1	G2	18.34500444	1:DECEASED	18.34500444	1:DEAD WITH TUMOR	63	2.1	0.153	5	Hepatocellular Carcinoma	0	0	0	0	0	1	0	0	0	0	0	0	0	0	0
TCGA-DD-A1EL	Male	23	Black or African American	Not Hispanic Or Latino	STAGE II	T2	N0	M0	G3	13.6436861	1:DECEASED	13.6436861	1:DEAD WITH TUMOR	88	2.9	0.3421	11	Hepatocellular Carcinoma	1	1	0	0	0	0	0	0	0	0	1	0	0	0	0
TCGA-DD-A39V	Male	77	White	Not Hispanic Or Latino	STAGE II	T2	NX	M0	G3	21.13949436	1:DECEASED	21.13949436	1:DEAD WITH TUMOR	65	2.266666667	0.3055	12	Hepatocellular Carcinoma	1	0	0	1	0	0	0	0	0	0	0	1	0	0	0
TCGA-DD-A39W	Female	29	White	Not Hispanic Or Latino	STAGE III	T3	N0	M0	G2	27.18874314	1:DECEASED	27.18874314		36	1.2	0.0947	1	Hepatocellular Carcinoma	0	0	0	1	0	0	0	0	0	0	0	0	0	1	0
TCGA-DD-A39X	Female	78	White	Not Hispanic Or Latino	STAGE I	T1	NX	M0	G2	55.69254036	1:DECEASED	55.69254036	1:DEAD WITH TUMOR	65	2.166666667	0.164	1	Hepatocellular Carcinoma	0	0	0	0	1	0	0	0	0	0	0	0	0	0	0
TCGA-DD-A39Y	Male	67	Asian	Not Hispanic Or Latino	STAGE I	T1	NX	M0	G3	5.621856199	1:DECEASED	5.621856199	0:ALIVE OR DEAD TUMOR FREE	0	0	0.4878	26	Hepatocellular Carcinoma	0	0	0	0	0	0	0	0	0	0	0	0	0	0	0
TCGA-DD-A39Z	Female	43			STAGE II	T2	NX	M0	G2	19.75868758	1:DECEASED	19.75868758	0:ALIVE OR DEAD TUMOR FREE	71	2.366666667	0.2778	9	Hepatocellular Carcinoma	0	0	1	0	0	0	0	0	0	0	0	0	0	0	0
TCGA-DD-A3A0	Male	70	White	Not Hispanic Or Latino	STAGE I	T1	NX	M0	G2	25.80793635	1:DECEASED	25.80793635	1:DEAD WITH TUMOR			0.2169	5	Hepatocellular Carcinoma	0	0	0	0	0	0	0	0	0	0	0	0	0	0	0
TCGA-DD-A3A1	Male	65			STAGE IIIA	T3B	N0	M0	G2	7.660190025	1:DECEASED	7.660190025	0:ALIVE OR DEAD TUMOR FREE	0	0	0.3078	8	Hepatocellular Carcinoma	0	0	0	0	0	0	0	0	0	0	0	0	0	0	0
TCGA-DD-A3A2	Female	76	White	Not Hispanic Or Latino	STAGE I	T1	N0	M0	G1	70.0595062	1:DECEASED	70.0595062	0:ALIVE OR DEAD TUMOR FREE	70	2.366666667	0.0572	2	Hepatocellular Carcinoma	0	0	0	0	0	0	0	0	0	0	0	0	0	0	0
TCGA-DD-A3A3	Male	45	Asian	Not Hispanic Or Latino	STAGE I	T1	N0	M0	G2	17.58884834	1:DECEASED	17.58884834		49	1.633333333	0.1823	8	Hepatocellular Carcinoma	1	0	0	0	0	0	0	0	0	0	0	0	0	0	0
TCGA-DD-A3A4	Male	37	White	Not Hispanic Or Latino	STAGE IIIA	T3	N0	M0	G3	20.12032745	1:DECEASED	20.12032745	1:DEAD WITH TUMOR	39	1.3	0.0564	2	Hepatocellular Carcinoma	1	0	0	0	0	0	0	0	0	0	0	0	0	0	0
TCGA-DD-A3A5	Female	66	White	Not Hispanic Or Latino	STAGE III	T3	N0	M0	G2	102.7386001	1:DECEASED	102.7386001	1:DEAD WITH TUMOR	62	2.066666667	0.1578	6	Hepatocellular Carcinoma	0	0	0	0	0	1	0	0	0	0	0	0	0	0	0
TCGA-DD-A3A6	Female	72	White	Not Hispanic Or Latino	STAGE II	T2	N0	M0	G2	107.111155	1:DECEASED	107.111155	0:ALIVE OR DEAD TUMOR FREE	28	0.933333333	0.0	1	Hepatocellular Carcinoma	0	0	0	0	0	0	0	0	0	0	0	0	0	0	0
TCGA-DD-A3A7	Male	67			STAGE IIIB	T3B	N0	M0	G3	13.77519151	1:DECEASED	13.77519151	1:DEAD WITH TUMOR	117	3.966666667	0.453	29	Hepatocellular Carcinoma	0	1	0	0	0	1	0	0	0	0	0	0	0	0	0
TCGA-DD-A3A8	Male	75	White	Not Hispanic Or Latino	STAGE II	T2	N0	M0	G2	0.361639872	1:DECEASED	0.361639872	0:ALIVE OR DEAD TUMOR FREE	112	3.733333333	0.202	5	Hepatocellular Carcinoma	0	0	0	0	0	0	0	0	0	0	0	0	0	0	0
TCGA-DD-A3A9	Female	64	White	Not Hispanic Or Latino	STAGE IVB	T4	N0	M1	G2	30.60788375	1:DECEASED	30.60788375	1:DEAD WITH TUMOR	336	11.26666667	0.6334	21	Hepatocellular Carcinoma	0	0	0	0	0	0	0	0	0	0	0	0	0	0	1
TCGA-DD-A4NA	Female	67	White	Not Hispanic Or Latino	STAGE IIIC	T2	N1	M0	G3	33.13936286	0:LIVING	33.13936286	0:ALIVE OR DEAD TUMOR FREE	27	0.933333333	0.3096	13	Hepatocellular Carcinoma	0	0	0	0	0	0	0	0	0	0	0	0	0	0	1
TCGA-DD-A4NB	Male	25	White	Not Hispanic Or Latino	STAGE I	T1	N0	M0	G2	32.51471217	0:LIVING	32.51471217	0:ALIVE OR DEAD TUMOR FREE	24	0.8	0.085	0	Fibrolamellar Carcinoma	0	0	0	0	0	0	0	0	0	0	0	0	0	0	0
TCGA-DD-A4ND	Female	56	White	Not Hispanic Or Latino	STAGE I	T1	N0	M0	G3	90.2784627	0:LIVING	90.2784627	0:ALIVE OR DEAD TUMOR FREE	52	1.766666667	0.3781	15	Hepatocellular Carcinoma	0	0	0	0	0	0	0	0	0	0	0	0	0	0	0
TCGA-DD-A4NE	Female	75	White	Hispanic Or Latino	STAGE IIIA	T3A	N0	M0	G3	21.69839235	1:DECEASED	21.69839235	1:DEAD WITH TUMOR	53	1.733333333			Hepatocellular Carcinoma	0	0	0	0	0	0	1	0	0	0	0	0	1	0	0
TCGA-DD-A4NF	Male	72	White	Not Hispanic Or Latino	STAGE I	T1	N0	M0	G2	30.96952362	0:LIVING	30.96952362	0:ALIVE OR DEAD TUMOR FREE	116	3.966666667	0.1189	2	Hepatocellular Carcinoma	1	0	0	0	0	0	0	0	0	0	0	0	0	0	0
TCGA-DD-A4NG	Male	77	White	Not Hispanic Or Latino	STAGE IIIA	T3A	NX	M0	G2	26.36683434	1:DECEASED	26.36683434	1:DEAD WITH TUMOR	73	4.666666667			Hepatocellular Carcinoma	0	0	0	0	0	1	0	0	0	0	0	0	0	0	0
TCGA-DD-A4NH	Female	65	White	Not Hispanic Or Latino	STAGE IIIB	T3B	N0	M0	G3	30.14761482	0:LIVING	30.14761482	0:ALIVE OR DEAD TUMOR FREE	49	3.266666667	0.3556	11	Hepatocellular Carcinoma	0	0	0	0	0	0	0	0	0	0	0	0	0	0	0
TCGA-DD-A4NI	Male	67	White	Not Hispanic Or Latino	STAGE II	T2	NX	M0	G2	26.82710327	0:LIVING	26.82710327	0:ALIVE OR DEAD TUMOR FREE	151	9.833333333	0.134	4	Hepatocellular Carcinoma	1	0	0	0	1	0	0	0	0	0	0	1	0	0	0
TCGA-DD-A4NJ	Female	54	White	Not Hispanic Or Latino	STAGE II	T2	N0	M0	G2	30.50925469	0:LIVING	30.50925469	0:ALIVE OR DEAD TUMOR FREE	78	5.166666667	0.2893		Hepatocellular Carcinoma	0	0	0	0	0	0	1	0	0	0	0	0	0	0	0
TCGA-DD-A4NK	Female	80	White	Not Hispanic Or Latino	STAGE IIIA	T3	N0	M0	G2	39.78038597	1:DECEASED	39.78038597	1:DEAD WITH TUMOR	75	4.866666667	0.2598	9	Hepatocellular Carcinoma	1	0	0	0	1	0	0	0	0	0	0	0	0	0	0
TCGA-DD-A4NL	Male	46	White	Not Hispanic Or Latino	STAGE I	T1	N0	M0	G1	56.25143834	0:LIVING	56.25143834	0:ALIVE OR DEAD TUMOR FREE	29	0.966666667	0.0	0	Hepatocellular Carcinoma	1	0	0	0	0	0	0	0	0	0	0	0	0	0	0
TCGA-DD-A4NN	Female	56	White	Not Hispanic Or Latino	STAGE I	T1	N0	M0	G3	29.55584048	1:DECEASED	29.55584048	1:DEAD WITH TUMOR	52	3.366666667	0.4194	8	Hepatocellular Carcinoma	0	0	0	0	0	0	0	0	0	0	0	0	0	0	0
TCGA-DD-A4NO	Male	65	White	Not Hispanic Or Latino	STAGE I	T1	N0	M0	G1	73.80741033	0:LIVING	73.80741033	0:ALIVE OR DEAD TUMOR FREE	57	3.7	0.5991	19	Hepatocellular Carcinoma	0	0	0	0	0	0	0	0	0	0	0	1	0	0	0
TCGA-DD-A4NP	Male	32	White	Not Hispanic Or Latino	STAGE I	T1	N0	M0	G3	108.7549726	0:LIVING	108.7549726	0:ALIVE OR DEAD TUMOR FREE	28	1.766666667	0.0279	2	Hepatocellular Carcinoma	0	0	0	0	0	0	0	0	0	0	0	0	0	0	0
TCGA-DD-A4NQ	Male	60	White	Hispanic Or Latino	STAGE II	T2	N0	M0	G3	12.26287931	1:DECEASED	12.26287931	1:DEAD WITH TUMOR	86	5.666666667	0.2773	11	Hepatocellular Carcinoma	0	0	0	0	0	0	0	0	0	0	0	0	0	0	0
TCGA-DD-A4NR	Female	85	White	Not Hispanic Or Latino	STAGE I	T1	N0	M0	G3	0.295887168	1:DECEASED	0.295887168	0:ALIVE OR DEAD TUMOR FREE	62	3.633333333	0.0672	7	Hepatocellular Carcinoma	0	0	0	1	0	1	0	0	0	0	1	0	0	0	0
TCGA-DD-A4NS	Female	61	White	Not Hispanic Or Latino	STAGE I	T1	N0	M0	G2	80.74432061	1:DECEASED	80.74432061	1:DEAD WITH TUMOR	57	3.566666667	0.0	3	Hepatocellular Carcinoma	0	0	0	0	0	0	0	0	0	0	0	0	0	0	0
TCGA-DD-A4NV	Male	61	White	Not Hispanic Or Latino	STAGE IIIA	T3	N0	M0	G1	78.83749219	0:LIVING	78.83749219	0:ALIVE OR DEAD TUMOR FREE	127	8.6	0.1393	17	Hepatocellular Carcinoma	0	0	0	0	0	0	0	0	0	0	0	0	0	0	0
TCGA-DD-A73A	Male	71	White	Not Hispanic Or Latino	STAGE I	T1	N0	M0	G2	23.93398429	0:LIVING	23.93398429	0:ALIVE OR DEAD TUMOR FREE	89	3	0.0908	1	Hepatocellular Carcinoma	1	0	0	0	0	0	0	0	0	0	0	0	0	0	0
TCGA-DD-A73B	Female	72	White	Hispanic Or Latino	STAGE I	T1	N0	M0	G2	9.304007627	1:DECEASED	9.304007627	1:DEAD WITH TUMOR	73	2.466666667	0.8007	7	Hepatocellular Carcinoma	0	0	0	0	0	0	0	0	0	1	0	0	0	0	0
TCGA-DD-A73C	Female	65	White	Not Hispanic Or Latino	STAGE IIIA	T3A	N0	M0	G1	23.04632278	0:LIVING	23.04632278	0:ALIVE OR DEAD TUMOR FREE	75	2.566666667	0.0467	2	Hepatocellular Carcinoma	0	0	0	0	0	0	0	0	0	0	0	0	0	0	0
TCGA-DD-A73D	Female	68	White	Not Hispanic Or Latino	STAGE II	T2	NX	MX	G1	22.78331196	0:LIVING	22.78331196	0:ALIVE OR DEAD TUMOR FREE	66	2.233333333	0.2818	9	Hepatocellular Carcinoma	1	0	0	0	0	0	0	0	0	1	0	0	0	0	0
TCGA-DD-A73E	Male	66	White	Not Hispanic Or Latino	STAGE I	T1	N0	M0	G1	1.44655949	0:LIVING	1.44655949	0:ALIVE OR DEAD TUMOR FREE	118	3.933333333	0.2153	13	Hepatocellular Carcinoma	1	0	0	0	0	0	0	0	0	0	0	0	0	0	0
TCGA-DD-A73F	Female	77	White	Not Hispanic Or Latino	STAGE I	T1	N0	M0	G1	35.67084196	0:LIVING	35.67084196	0:ALIVE OR DEAD TUMOR FREE	68	2.266666667	0.1192	1	Hepatocellular Carcinoma	0	0	0	0	0	0	0	0	0	0	0	0	0	0	0
TCGA-DD-A73G	Female	73	White	Not Hispanic Or Latino	STAGE I	T1	N0	M0	G3	114.3439524	0:LIVING	114.3439524	0:ALIVE OR DEAD TUMOR FREE	102	3.433333333	0.245	19	Hepatocellular Carcinoma	0	0	0	0	0	0	0	0	0	0	0	0	0	0	1
TCGA-DD-AA3A	Female	81	White	Not Hispanic Or Latino	STAGE I	T1	N0	MX	G4	13.47930434	1:DECEASED	13.47930434	0:ALIVE OR DEAD TUMOR FREE	44	1.466666667	0.3894	11	Hepatocholangiocarcinoma (Mixed)	0	0	0	0	0	0	0	0	0	0	0	0	0	0	1
TCGA-DD-AAC8	Male	72	Asian	Not Hispanic Or Latino	STAGE I	T1	N0	M0	G3	0.526021633	1:DECEASED	0.526021633	0:ALIVE OR DEAD TUMOR FREE	507	16.93333333	0.4637	17	Hepatocellular Carcinoma	1	0	0	0	0	0	0	0	0	1	0	1	0	0	0
TCGA-DD-AAC9	Male	51	Asian	Not Hispanic Or Latino	STAGE I	T1	N0	M0	G2	11.40809416	0:LIVING	11.40809416	0:ALIVE OR DEAD TUMOR FREE	81	2.7	0.0915	2	Hepatocellular Carcinoma	0	0	0	0	0	0	0	0	1	0	0	0	0	0	0
TCGA-DD-AACA	Male	65	Asian	Not Hispanic Or Latino	STAGE I	T1	N0	M0	G3	75.64848604	0:LIVING	75.64848604	0:ALIVE OR DEAD TUMOR FREE	106	3.6	0.1647	4	Hepatocellular Carcinoma	1	0	0	0	0	0	0	0	0	0	0	0	0	0	0
TCGA-DD-AACB	Female	74	Asian	Not Hispanic Or Latino	STAGE I	T1	N0	M0	G3	76.40464214	0:LIVING	76.40464214	0:ALIVE OR DEAD TUMOR FREE	84	2.766666667	0.4989	18	Hepatocellular Carcinoma	1	1	0	0	0	1	0	0	0	0	1	0	0	0	0
TCGA-DD-AACC	Male	61	Asian	Not Hispanic Or Latino	STAGE I	T1	N0	M0	G2	55.39665319	1:DECEASED	55.39665319	1:DEAD WITH TUMOR	91	3.033333333	0.1642	5	Hepatocellular Carcinoma	0	0	1	0	0	0	0	0	0	0	0	0	0	0	0
TCGA-DD-AACD	Male	48	Asian	Not Hispanic Or Latino	STAGE I	T1	N0	M0	G4	12.52589013	1:DECEASED	12.52589013	1:DEAD WITH TUMOR	86	2.833333333	0.2273	7	Hepatocellular Carcinoma	1	0	0	0	0	0	0	0	0	1	0	0	0	0	0
TCGA-DD-AACE	Male	62	Asian	Not Hispanic Or Latino	STAGE I	T1	N0	M0	G3	71.80195286	0:LIVING	71.80195286	0:ALIVE OR DEAD TUMOR FREE	71	2.433333333	0.5242	21	Hepatocellular Carcinoma	0	1	0	0	0	0	0	0	0	0	0	0	0	0	0
TCGA-DD-AACF	Male	68	Asian	Not Hispanic Or Latino	STAGE I	T1	N0	M0	G3	11.9998685	1:DECEASED	11.9998685	1:DEAD WITH TUMOR	117	3.933333333	0.3061	10	Hepatocellular Carcinoma	0	1	0	0	0	0	0	0	0	0	0	0	0	0	0
TCGA-DD-AACG	Male	52	Asian	Not Hispanic Or Latino	STAGE II	T2	N0	M0	G4	15.41900911	1:DECEASED	15.41900911	1:DEAD WITH TUMOR	92	3.166666667	0.3885	18	Hepatocellular Carcinoma	0	1	0	1	0	1	0	0	0	0	0	0	0	0	0
TCGA-DD-AACH	Male	69	Asian	Not Hispanic Or Latino	STAGE II	T2	N0	M0	G3	6.410888648	1:DECEASED	6.410888648	0:ALIVE OR DEAD TUMOR FREE	89	2.933333333	0.3255	6	Hepatocellular Carcinoma	0	0	0	0	1	0	0	0	0	0	0	0	0	0	0
TCGA-DD-AACI	Male	69	Asian	Not Hispanic Or Latino	STAGE II	T2	N0	M0	G3	53.1939376	0:LIVING	53.1939376	0:ALIVE OR DEAD TUMOR FREE	333	11.16666667	0.3924	25	Hepatocellular Carcinoma	0	0	0	0	0	0	0	0	0	0	0	0	0	0	0
TCGA-DD-AACJ	Male	75	Asian	Not Hispanic Or Latino	STAGE II	T2	N0	M0	G2	69.10609199	0:LIVING	69.10609199	0:ALIVE OR DEAD TUMOR FREE	88	3	0.2839	10	Hepatocellular Carcinoma	1	0	0	0	0	0	0	0	0	0	0	0	0	0	0
TCGA-DD-AACK	Male	70	Asian	Not Hispanic Or Latino	STAGE I	T1	N0	M0	G2	0.295887168	0:LIVING	0.295887168	0:ALIVE OR DEAD TUMOR FREE	126	4.233333333	0.0316	1	Hepatocellular Carcinoma	1	0	0	0	1	0	0	0	1	0	0	0	0	0	0
TCGA-DD-AACL	Female	66	Asian	Not Hispanic Or Latino	STAGE I	T1	N0	M0	G3	3.517769668	1:DECEASED	3.517769668		273	9.133333333	0.2305	6	Hepatocellular Carcinoma	0	1	0	0	0	0	0	0	0	0	0	0	0	0	0
TCGA-DD-AACM	Male	48	Asian	Not Hispanic Or Latino	STAGE II	T2	N0	M0	G3	58.15826676	0:LIVING	58.15826676	0:ALIVE OR DEAD TUMOR FREE	56	1.9	0.263	7	Hepatocellular Carcinoma	0	1	0	0	0	0	0	0	0	0	0	0	1	0	0
TCGA-DD-AACN	Male	32	Asian	Not Hispanic Or Latino	STAGE I	T1	N0	M0	G3	42.80501036	0:LIVING	42.80501036	0:ALIVE OR DEAD TUMOR FREE	44	1.433333333	0.3863	14	Hepatocellular Carcinoma	0	0	0	0	1	0	0	0	0	0	0	0	0	0	0
TCGA-DD-AACO	Male	40	Asian	Not Hispanic Or Latino	STAGE I	T1	N0	M0	G3	61.67603643	0:LIVING	61.67603643	0:ALIVE OR DEAD TUMOR FREE	42	1.366666667	0.3406	10	Hepatocellular Carcinoma	0	0	0	0	1	0	0	0	0	0	1	0	0	0	0
TCGA-DD-AACP	Male	64	Asian	Not Hispanic Or Latino	STAGE I	T1	N0	M0	G3	13.6436861	0:LIVING	13.6436861	0:ALIVE OR DEAD TUMOR FREE	171	5.666666667	0.5549	21	Hepatocellular Carcinoma	1	0	0	0	0	0	0	0	0	0	0	0	0	1	0
TCGA-DD-AACQ	Male	50	Asian	Not Hispanic Or Latino	STAGE II	T2	N0	M0	G3	14.20258408	1:DECEASED	14.20258408	1:DEAD WITH TUMOR	207	6.9	0.1466	4	Hepatocellular Carcinoma	0	1	0	0	0	0	0	0	0	0	1	0	0	0	0
TCGA-DD-AACS	Male	39	Asian	Not Hispanic Or Latino	STAGE I	T1	N0	M0	G3	59.30893908	0:LIVING	59.30893908	0:ALIVE OR DEAD TUMOR FREE	46	1.5	0.3606	6	Hepatocellular Carcinoma	0	1	0	0	0	0	0	0	0	0	0	0	0	0	0
TCGA-DD-AACT	Female	69	Asian	Not Hispanic Or Latino	STAGE I	T1	N0	M0	G2	51.35286189	0:LIVING	51.35286189	0:ALIVE OR DEAD TUMOR FREE	180	6	0.2785	12	Hepatocellular Carcinoma	0	0	0	0	0	0	0	0	0	0	0	0	1	0	0
TCGA-DD-AACU	Male	59	Asian	Not Hispanic Or Latino	STAGE I	T1	N0	M0	G3	51.51724365	0:LIVING	51.51724365	0:ALIVE OR DEAD TUMOR FREE	113	3.8	0.7387	25	Hepatocellular Carcinoma	0	1	0	0	0	0	0	0	0	0	0	0	0	0	0
TCGA-DD-AACV	Male	53	Asian	Not Hispanic Or Latino	STAGE I	T1	N0	M0	G3	50.33369497	0:LIVING	50.33369497	0:ALIVE OR DEAD TUMOR FREE	104	3.466666667	0.343	8	Hepatocellular Carcinoma	0	1	0	0	0	0	0	0	0	0	0	0	0	0	0
TCGA-DD-AACW	Male	43	Asian	Not Hispanic Or Latino	STAGE I	T1	N0	M0	G3	46.81592531	0:LIVING	46.81592531	0:ALIVE OR DEAD TUMOR FREE	48	1.633333333	0.2117	5	Hepatocellular Carcinoma	0	0	1	0	0	0	0	0	0	0	0	0	0	0	0
TCGA-DD-AACX	Male	66	Asian	Not Hispanic Or Latino	STAGE II	T2	N0	M0	G3	5.588979847	0:LIVING	5.588979847	0:ALIVE OR DEAD TUMOR FREE	115	3.8	0.1116	5	Hepatocellular Carcinoma	1	0	0	0	0	0	0	0	0	0	0	0	0	0	0
TCGA-DD-AACY	Male	61	Asian	Not Hispanic Or Latino	STAGE I	T1	N0	M0	G3	47.67071046	0:LIVING	47.67071046	0:ALIVE OR DEAD TUMOR FREE	81	2.766666667	0.2393	6	Hepatocellular Carcinoma	0	0	0	0	0	0	0	0	0	0	0	0	0	0	0
TCGA-DD-AACZ	Female	63	Asian	Not Hispanic Or Latino	STAGE I	T1	N0	M0	G4	5.621856199	1:DECEASED	5.621856199	0:ALIVE OR DEAD TUMOR FREE	156	5.233333333	0.3951	23	Hepatocellular Carcinoma	0	1	0	0	0	0	0	0	0	0	0	0	0	0	0
TCGA-DD-AAD0	Female	73	Asian	Not Hispanic Or Latino	STAGE I	T1	N0	M0	G2	4.50406023	0:LIVING	4.50406023	0:ALIVE OR DEAD TUMOR FREE	103	3.433333333	0.1663	4	Hepatocellular Carcinoma	1	0	0	0	0	0	0	0	0	0	0	0	1	0	0
TCGA-DD-AAD1	Female	51	Asian	Not Hispanic Or Latino	STAGE I	T1	N0	M0	G4	18.54226255	0:LIVING	18.54226255	0:ALIVE OR DEAD TUMOR FREE	112	3.733333333	0.1423	7	Hepatocellular Carcinoma	0	0	0	0	0	0	0	0	0	0	0	0	0	0	0
TCGA-DD-AAD2	Male	66	Asian	Not Hispanic Or Latino	STAGE I	T1	N0	M0	G2	21.63263964	0:LIVING	21.63263964	0:ALIVE OR DEAD TUMOR FREE	76	2.533333333	0.1233	5	Hepatocellular Carcinoma	0	0	0	0	0	1	0	0	0	0	0	0	0	0	0
TCGA-DD-AAD3	Male	43	Asian	Not Hispanic Or Latino	STAGE I	T1	N0	M0	G2	42.57487589	0:LIVING	42.57487589	0:ALIVE OR DEAD TUMOR FREE	66	2.2	0.2379	8	Hepatocellular Carcinoma	0	1	0	0	0	0	0	0	0	0	0	0	0	0	0
TCGA-DD-AAD5	Male	54	Asian	Not Hispanic Or Latino	STAGE I	T1	N0	M0	G3	44.21869349	0:LIVING	44.21869349	0:ALIVE OR DEAD TUMOR FREE	121	4.066666667	0.4696	16	Hepatocellular Carcinoma	0	1	0	0	0	0	0	0	0	0	0	0	0	0	0
TCGA-DD-AAD6	Male	66	Asian	Not Hispanic Or Latino	STAGE IIIA	T3A	N0	M0	G3	22.09290857	0:LIVING	22.09290857	0:ALIVE OR DEAD TUMOR FREE	94	3.166666667	0.2301	9	Hepatocellular Carcinoma	1	0	0	0	1	0	0	0	1	0	0	0	0	0	0
TCGA-DD-AAD8	Female	73	Asian	Not Hispanic Or Latino	STAGE I	T1	N0	M0	G2	40.07627314	0:LIVING	40.07627314	0:ALIVE OR DEAD TUMOR FREE	110	3.7	0.6672	17	Hepatocellular Carcinoma	0	1	0	0	0	0	0	0	0	0	0	0	0	0	0
TCGA-DD-AADA	Female	66	Asian	Not Hispanic Or Latino	STAGE I	T1	N0	M0	G3	40.53654207	0:LIVING	40.53654207	0:ALIVE OR DEAD TUMOR FREE	113	3.733333333	0.2453	8	Hepatocellular Carcinoma	0	0	0	0	1	0	0	0	0	0	0	0	0	0	1
TCGA-DD-AADB	Male	51	Asian	Not Hispanic Or Latino	STAGE I	T1	N0	M0	G4	40.83242923	0:LIVING	40.83242923	0:ALIVE OR DEAD TUMOR FREE	112	3.766666667	0.2742	9	Hepatocellular Carcinoma	0	1	0	0	1	0	0	0	0	0	0	0	0	0	0
TCGA-DD-AADC	Male	53	Asian	Not Hispanic Or Latino	STAGE I	T1	N0	M0	G3	13.97244962	1:DECEASED	13.97244962	1:DEAD WITH TUMOR	81	2.7	0.3904	10	Hepatocellular Carcinoma	0	1	0	0	0	0	0	0	0	0	0	0	0	0	0
TCGA-DD-AADD	Male	51	Asian	Not Hispanic Or Latino	STAGE I	T1	N0	M0	G4	40.47078936	0:LIVING	40.47078936	0:ALIVE OR DEAD TUMOR FREE	82	2.733333333	0.4162	16	Hepatocellular Carcinoma	1	1	0	0	0	0	0	0	0	0	0	0	0	0	0
TCGA-DD-AADE	Male	50	Asian	Not Hispanic Or Latino	STAGE I	T1	N0	M0	G4	39.51737515	0:LIVING	39.51737515	0:ALIVE OR DEAD TUMOR FREE	110	3.766666667	0.0727	3	Hepatocellular Carcinoma	1	0	0	0	0	0	0	0	0	0	0	0	0	0	0
TCGA-DD-AADF	Female	64	Asian	Not Hispanic Or Latino	STAGE I	T1	N0	M0	G4	3.780780485	1:DECEASED	3.780780485	0:ALIVE OR DEAD TUMOR FREE	211	7.1	0.377	11	Hepatocellular Carcinoma	0	0	0	0	0	0	0	0	0	0	0	0	0	0	0
TCGA-DD-AADG	Male	70	Asian	Not Hispanic Or Latino	STAGE IIIA	T3A	N0	M0	G3	37.64342309	0:LIVING	37.64342309	0:ALIVE OR DEAD TUMOR FREE	162	5.366666667	0.1796	6	Hepatocellular Carcinoma	1	0	0	0	1	1	0	0	1	0	0	0	0	0	0
TCGA-DD-AADI	Female	43	Asian	Not Hispanic Or Latino	STAGE I	T1	N0	M0	G3	35.67084196	0:LIVING	35.67084196	0:ALIVE OR DEAD TUMOR FREE	106	3.533333333	0.2673	5	Hepatocellular Carcinoma	0	0	1	0	0	0	0	0	0	1	0	0	1	0	0
TCGA-DD-AADJ	Female	70	Asian	Not Hispanic Or Latino	STAGE I	T1	N0	M0	G3	35.04619128	0:LIVING	35.04619128	0:ALIVE OR DEAD TUMOR FREE	60	2	0.1709	5	Hepatocellular Carcinoma	0	0	0	0	0	0	0	0	0	0	0	1	0	0	0
TCGA-DD-AADK	Female	68	Asian	Not Hispanic Or Latino	STAGE II	T2	N0	M0	G3	34.48729329	0:LIVING	34.48729329	0:ALIVE OR DEAD TUMOR FREE	56	1.933333333	0.3122	9	Hepatocellular Carcinoma	0	0	0	0	0	0	0	0	0	0	0	0	0	0	0
TCGA-DD-AADL	Male	58	Asian	Not Hispanic Or Latino	STAGE I	T1	N0	M0	G4	20.9093599	0:LIVING	20.9093599	0:ALIVE OR DEAD TUMOR FREE	122	4.1	0.45	14	Hepatocellular Carcinoma	0	1	0	0	0	0	0	0	0	0	0	0	0	0	0
TCGA-DD-AADM	Male	58	Asian	Not Hispanic Or Latino	STAGE II	T2	N0	M0	G3	0.394516225	1:DECEASED	0.394516225	0:ALIVE OR DEAD TUMOR FREE	168	5.633333333	0.2796	5	Hepatocellular Carcinoma	1	0	0	0	0	0	1	0	1	0	1	0	0	0	0
TCGA-DD-AADN	Male	59	Asian	Not Hispanic Or Latino	STAGE I	T1	NX	MX	G4	29.52296413	0:LIVING	29.52296413	0:ALIVE OR DEAD TUMOR FREE	105	3.5	0.3785	17	Hepatocellular Carcinoma	0	1	0	0	0	0	0	0	0	0	0	0	0	0	0
TCGA-DD-AADO	Male	55	Asian	Not Hispanic Or Latino	STAGE I	T1	N0	M0	G3	14.89298747	0:LIVING	14.89298747	0:ALIVE OR DEAD TUMOR FREE	199	6.733333333	0.4877	20	Hepatocellular Carcinoma	0	0	1	0	0	0	0	0	0	0	0	0	0	0	0
TCGA-DD-AADP	Male	45	Asian	Not Hispanic Or Latino	STAGE I	T1	N0	M0	G3	15.05736923	0:LIVING	15.05736923	0:ALIVE OR DEAD TUMOR FREE	98	3.3	0.2758	7	Hepatocellular Carcinoma	0	0	1	1	0	0	0	0	0	0	0	0	0	0	0
TCGA-DD-AADQ	Male	59	Asian	Not Hispanic Or Latino	STAGE II	T2	N0	M0	G3	14.33408949	0:LIVING	14.33408949	0:ALIVE OR DEAD TUMOR FREE	116	3.866666667	0.1948	8	Hepatocellular Carcinoma	0	0	0	0	1	0	0	0	0	0	0	0	0	0	0
TCGA-DD-AADR	Male	58	Asian	Not Hispanic Or Latino	STAGE I	T1	N0	M0	G3	66.67324194	0:LIVING	66.67324194	0:ALIVE OR DEAD TUMOR FREE	86	2.866666667	0.2706		Hepatocellular Carcinoma	0	1	0	1	0	0	0	0	0	0	0	0	0	0	0
TCGA-DD-AADS	Male	63	Asian	Not Hispanic Or Latino	STAGE I	T1	N0	M0	G2	15.58339087	0:LIVING	15.58339087	0:ALIVE OR DEAD TUMOR FREE	132	4.5	0.088	5	Hepatocellular Carcinoma	0	0	1	0	0	0	0	0	0	0	0	0	0	0	0
TCGA-DD-AADU	Male	60	Asian	Not Hispanic Or Latino	STAGE II	T2	N0	M0	G3	18.21349903	0:LIVING	18.21349903	0:ALIVE OR DEAD TUMOR FREE	83	2.8	0.8187	26	Hepatocellular Carcinoma	1	0	0	0	1	0	0	0	0	0	0	0	0	0	0
TCGA-DD-AADV	Male	50	Asian	Not Hispanic Or Latino	STAGE I	T1	N0	M0	G3	18.87102607	0:LIVING	18.87102607	0:ALIVE OR DEAD TUMOR FREE	95	3.133333333	0.3895	6	Hepatocellular Carcinoma	0	1	0	0	0	0	0	0	0	0	0	0	0	0	0
TCGA-DD-AADW	Male	48	Asian	Not Hispanic Or Latino	STAGE I	T1	N0	M0	G3	19.29841865	0:LIVING	19.29841865	0:ALIVE OR DEAD TUMOR FREE	45	1.5	0.3124	5	Hepatocellular Carcinoma	0	1	0	0	0	0	0	0	0	0	0	0	0	0	0
TCGA-DD-AADY	Female	55	Asian	Not Hispanic Or Latino	STAGE I	T1	N0	M0	G2	18.24637538	0:LIVING	18.24637538	0:ALIVE OR DEAD TUMOR FREE	48	1.6	0.9251	9	Hepatocellular Carcinoma	0	0	0	0	0	0	0	0	0	0	0	0	0	0	0
TCGA-DD-AAE0	Female	45	Asian	Not Hispanic Or Latino	STAGE IIIA	T3A	N0	M0	G4	18.24637538	0:LIVING	18.24637538	0:ALIVE OR DEAD TUMOR FREE	57	1.966666667	0.4877	18	Hepatocellular Carcinoma	0	1	0	0	0	0	0	0	0	0	0	0	0	0	0
TCGA-DD-AAE1	Male	52	Asian	Not Hispanic Or Latino	STAGE I	T1	N0	M0	G3	18.14774633	0:LIVING	18.14774633	0:ALIVE OR DEAD TUMOR FREE	46	1.533333333	0.2471	5	Hepatocellular Carcinoma	0	0	1	0	0	0	0	0	0	0	0	0	0	0	0
TCGA-DD-AAE2	Male	51	Asian	Not Hispanic Or Latino	STAGE I	T1	N0	M0	G3	20.9751126	0:LIVING	20.9751126	0:ALIVE OR DEAD TUMOR FREE	82	2.733333333	0.1782	5	Hepatocellular Carcinoma	0	0	0	0	0	0	0	0	0	0	0	0	0	0	0
TCGA-DD-AAE3	Male	50	Asian	Not Hispanic Or Latino	STAGE I	T1	N0	M0	G2	18.60801526	0:LIVING	18.60801526	0:ALIVE OR DEAD TUMOR FREE	150	5.066666667	0.423	27	Hepatocellular Carcinoma	1	0	0	0	0	0	0	0	0	0	0	0	0	0	0
TCGA-DD-AAE4	Female	49	Asian	Not Hispanic Or Latino	STAGE I	T1	N0	M0	G1	19.98882204	0:LIVING	19.98882204	0:ALIVE OR DEAD TUMOR FREE	57	1.9	0.1112	2	Hepatocellular Carcinoma	0	0	0	0	0	0	0	0	0	0	0	0	0	0	0
TCGA-DD-AAE6	Female	59	Asian	Not Hispanic Or Latino	STAGE I	T1	N0	M0	G2	4.635565638	0:LIVING	4.635565638	0:ALIVE OR DEAD TUMOR FREE	72	2.366666667	0.4515	9	Hepatocellular Carcinoma	0	1	1	0	0	0	0	0	0	0	0	0	0	0	0
TCGA-DD-AAE7	Male	72	Asian	Not Hispanic Or Latino	STAGE I	T1	N0	M0	G2	21.17237071	0:LIVING	21.17237071	0:ALIVE OR DEAD TUMOR FREE	237	8	0.0475	2	Hepatocellular Carcinoma	0	0	0	1	0	0	0	0	0	0	1	0	0	0	0
TCGA-DD-AAE8	Male	45	Asian	Not Hispanic Or Latino	STAGE I	T1	N0	M0	G3	21.82989776	0:LIVING	21.82989776	0:ALIVE OR DEAD TUMOR FREE	62	2.066666667	0.3631	12	Hepatocellular Carcinoma	0	1	0	0	1	0	0	0	0	0	0	0	0	0	0
TCGA-DD-AAE9	Male	69	Asian	Not Hispanic Or Latino	STAGE I	T1	N0	M0	G3	23.73672617	0:LIVING	23.73672617	0:ALIVE OR DEAD TUMOR FREE	97	3.266666667	0.3412	14	Hepatocellular Carcinoma	1	0	0	0	0	1	0	0	0	0	0	0	0	0	0
TCGA-DD-AAEA	Male	65	Asian	Not Hispanic Or Latino	STAGE I	T1	N0	M0	G3	18.90390242	0:LIVING	18.90390242	0:ALIVE OR DEAD TUMOR FREE	168	5.566666667	0.2518	9	Hepatocellular Carcinoma	0	1	1	0	0	0	0	0	0	0	0	0	0	0	0
TCGA-DD-AAEB	Male	60	Asian	Not Hispanic Or Latino	STAGE I	T1	N0	M0	G2	15.71489628	0:LIVING	15.71489628	0:ALIVE OR DEAD TUMOR FREE	119	4.066666667	0.1446	5	Hepatocellular Carcinoma	1	0	0	0	0	0	0	0	0	0	0	0	0	0	0
TCGA-DD-AAED	Male	51	Asian	Not Hispanic Or Latino	STAGE I	T1	N0	M0	G3	25.08465661	0:LIVING	25.08465661	0:ALIVE OR DEAD TUMOR FREE	59	2.033333333	0.3957	8	Hepatocellular Carcinoma	0	1	0	0	0	0	0	0	0	0	0	0	0	0	0
TCGA-DD-AAEE	Male	55	Asian	Not Hispanic Or Latino	STAGE I	T1	N0	M0	G4	26.62984515	0:LIVING	26.62984515	0:ALIVE OR DEAD TUMOR FREE	71	2.433333333	0.3174	8	Hepatocellular Carcinoma	1	0	0	0	0	1	0	0	0	0	0	0	0	0	0
TCGA-DD-AAEG	Female	59	Asian	Not Hispanic Or Latino	STAGE I	T1	N0	M0	G3	23.63809712	0:LIVING	23.63809712	0:ALIVE OR DEAD TUMOR FREE	104	3.533333333	0.2881	7	Hepatocellular Carcinoma	0	0	0	1	0	0	0	0	0	0	1	0	0	0	0
TCGA-DD-AAEH	Male	73	Asian	Not Hispanic Or Latino	STAGE I	T1	N0	M0	G2	25.77506	0:LIVING	25.77506	0:ALIVE OR DEAD TUMOR FREE	82	2.733333333	0.2091	7	Hepatocellular Carcinoma	1	0	0	0	0	0	0	0	0	1	0	1	0	0	0
TCGA-DD-AAEI	Male	72	Asian	Not Hispanic Or Latino	STAGE I	T1	N0	M0	G2	50.33369497	0:LIVING	50.33369497	0:ALIVE OR DEAD TUMOR FREE	113	3.8	0.1529	4	Hepatocellular Carcinoma	0	1	0	0	0	1	0	0	0	1	0	0	0	1	0
TCGA-DD-AAEK	Male	51	Asian	Not Hispanic Or Latino	STAGE II	T2	N0	M0	G3	35.07906763	0:LIVING	35.07906763	0:ALIVE OR DEAD TUMOR FREE	79	2.633333333	0.4197	17	Hepatocellular Carcinoma	1	0	0	0	0	0	0	0	0	1	0	0	0	0	0
TCGA-DD-AAVP	Male	48	Asian	Not Hispanic Or Latino	STAGE I	T1	N0	M0	G1	90.47572081	0:LIVING	90.47572081	0:ALIVE OR DEAD TUMOR FREE	72	2.433333333	0.2356	5	Hepatocellular Carcinoma	1	0	0	0	0	0	0	0	0	0	0	0	0	0	0
TCGA-DD-AAVQ	Male	38	Asian	Not Hispanic Or Latino	STAGE I	T1	N0	M0	G2	89.68668837	0:LIVING	89.68668837	0:ALIVE OR DEAD TUMOR FREE	52	1.733333333	0.2383	14	Hepatocellular Carcinoma	1	0	0	0	0	0	0	0	0	0	0	0	0	0	0
TCGA-DD-AAVR	Male	44	Asian	Not Hispanic Or Latino	STAGE I	T1	N0	M0	G2	82.61827268	0:LIVING	82.61827268	0:ALIVE OR DEAD TUMOR FREE	59	1.966666667	0.1538	4	Hepatocellular Carcinoma	0	0	0	0	0	0	0	0	0	0	0	0	0	0	1
TCGA-DD-AAVS	Male	56	Asian	Not Hispanic Or Latino	STAGE I	T1	N0	M0	G2	59.93358977	0:LIVING	59.93358977	0:ALIVE OR DEAD TUMOR FREE	49	1.6	0.3452	7	Hepatocellular Carcinoma	0	0	1	0	0	0	0	0	0	0	0	0	0	0	0
TCGA-DD-AAVU	Male	46	Asian	Not Hispanic Or Latino	STAGE II	T2	N0	M0	G2	72.39372719	0:LIVING	72.39372719	0:ALIVE OR DEAD TUMOR FREE	55	1.833333333	0.8507	33	Hepatocellular Carcinoma	0	1	1	0	1	0	0	0	0	0	0	1	0	0	0
TCGA-DD-AAVV	Male	56	Asian	Not Hispanic Or Latino	STAGE II	T2	N0	M0	G3	80.71144426	0:LIVING	80.71144426	0:ALIVE OR DEAD TUMOR FREE	131	4.3	0.3511	21	Hepatocellular Carcinoma	0	1	0	0	0	0	0	0	0	0	0	0	0	0	0
TCGA-DD-AAVW	Male	35	Asian	Not Hispanic Or Latino	STAGE I	T1	N0	M0	G2	76.17450768	0:LIVING	76.17450768	0:ALIVE OR DEAD TUMOR FREE	36	1.2	0.3441	8	Hepatocellular Carcinoma	0	0	0	0	0	0	0	0	0	0	0	0	0	0	0
TCGA-DD-AAVX	Male	38	Asian	Not Hispanic Or Latino	STAGE II	T2	N0	M0	G2	56.48157281	0:LIVING	56.48157281	0:ALIVE OR DEAD TUMOR FREE	63	2.133333333	0.1242	2	Hepatocellular Carcinoma	1	0	0	1	0	0	0	0	0	0	0	0	0	0	0
TCGA-DD-AAVY	Male	56	Asian	Not Hispanic Or Latino	STAGE IIIA	T3	N0	M0	G2	64.76641352	0:LIVING	64.76641352	0:ALIVE OR DEAD TUMOR FREE	84	2.8	0.2905	9	Hepatocellular Carcinoma	1	0	0	0	0	0	0	0	0	0	0	1	0	0	0
TCGA-DD-AAVZ	Male	38	Asian	Not Hispanic Or Latino	STAGE I	T1	N0	M0	G2	62.46506888	0:LIVING	62.46506888	0:ALIVE OR DEAD TUMOR FREE	38	1.233333333	0.2312	6	Hepatocellular Carcinoma	0	0	1	0	0	0	0	0	0	0	0	0	0	0	0
TCGA-DD-AAW0	Male	54	Asian	Not Hispanic Or Latino	STAGE I	T1	N0	M0	G2	66.24584936	0:LIVING	66.24584936	0:ALIVE OR DEAD TUMOR FREE	89	2.966666667	0.286	8	Hepatocellular Carcinoma	0	0	0	0	1	0	0	0	0	0	0	0	0	0	0
TCGA-DD-AAW1	Male	55	Asian	Not Hispanic Or Latino	STAGE IIIA	T3	N0	M0	G2	65.39106421	0:LIVING	65.39106421	0:ALIVE OR DEAD TUMOR FREE	103	3.466666667	0.1121	3	Hepatocellular Carcinoma	1	0	0	0	0	0	0	0	0	0	0	0	0	0	0
TCGA-DD-AAW2	Male	69	Asian	Not Hispanic Or Latino	STAGE I	T1	N0	M0	G2	60.98563303	0:LIVING	60.98563303	0:ALIVE OR DEAD TUMOR FREE	116	3.8	0.2854	9	Hepatocellular Carcinoma	1	0	0	0	1	0	0	0	0	0	0	0	0	0	0
TCGA-DD-AAW3	Male	69	Asian	Not Hispanic Or Latino	STAGE I	T1	N0	M0	G2	53.68708288	0:LIVING	53.68708288	0:ALIVE OR DEAD TUMOR FREE	87	2.933333333	0.2248	8	Hepatocellular Carcinoma	1	0	0	0	0	0	0	0	1	0	0	0	0	1	0
TCGA-ED-A459	Male	47	Asian	Not Hispanic Or Latino	STAGE II	T2	N0	M0	G2	29.91748036	0:LIVING	29.91748036	0:ALIVE OR DEAD TUMOR FREE	220	7.333333333	0.4161	18	Hepatocellular Carcinoma	0	1	0	0	0	0	0	0	0	0	0	0	0	0	0
TCGA-ED-A4XI	Male	58	Asian	Not Hispanic Or Latino	STAGE II	T2	N0	M0	G3	26.92573232	0:LIVING	26.92573232	0:ALIVE OR DEAD TUMOR FREE	139	4.666666667	0.0186	1	Hepatocellular Carcinoma	0	0	0	0	0	0	0	0	0	0	1	0	0	0	1
TCGA-ED-A5KG	Female	60	Asian	Not Hispanic Or Latino	STAGE II	T2	N0	M0	G2	28.07640464	0:LIVING	28.07640464	0:ALIVE OR DEAD TUMOR FREE	16	0.533333333	1.0E-4	0	Hepatocellular Carcinoma	0	0	0	0	0	0	0	0	0	0	0	0	0	0	0
TCGA-ED-A627	Male	74	White	Not Hispanic Or Latino	STAGE I	T1	NX	M0	G2	13.90669691	0:LIVING	13.90669691	0:ALIVE OR DEAD TUMOR FREE	1	0.066666667	1.0E-4	0	Hepatocellular Carcinoma	0	0	0	0	0	0	0	0	0	0	0	0	0	0	0
TCGA-ED-A66X	Male	35	Asian	Not Hispanic Or Latino	STAGE IIIA	T3A	N0	M0	G3	13.34779893	0:LIVING	13.34779893	0:ALIVE OR DEAD TUMOR FREE	44	1.5	0.2912	22	Hepatocellular Carcinoma	0	0	0	0	0	0	0	0	0	0	0	0	0	0	0
TCGA-ED-A66Y	Female	51	Asian	Not Hispanic Or Latino	STAGE IIIA	T3A	N0	M0	G3	9.731400204	1:DECEASED	9.731400204	0:ALIVE OR DEAD TUMOR FREE	89	3	0.1845	17	Hepatocellular Carcinoma	0	0	0	0	0	0	1	0	0	0	0	0	0	1	0
TCGA-ED-A7PX	Female	48	Asian	Not Hispanic Or Latino	STAGE II	T2	NX	M0	G3	0.197258112	0:LIVING	0.197258112	0:ALIVE OR DEAD TUMOR FREE	28	0.966666667	0.3022	6	Hepatocellular Carcinoma	0	0	0	0	0	0	0	0	0	0	0	0	0	0	1
TCGA-ED-A7PY	Female	20	Asian	Not Hispanic Or Latino	STAGE II	T2	NX	M0	G3	12.8217773	0:LIVING	12.8217773	0:ALIVE OR DEAD TUMOR FREE	29	0.966666667	0.3611	8	Hepatocellular Carcinoma	0	0	0	0	0	0	0	0	0	0	0	0	0	0	0
TCGA-ED-A7PZ	Male	61	Asian	Not Hispanic Or Latino	STAGE II	T2	NX	M0	G2	0.197258112	0:LIVING	0.197258112	0:ALIVE OR DEAD TUMOR FREE	242	8.1	0.5331	21	Hepatocellular Carcinoma	1	1	0	0	0	0	1	0	0	0	0	0	0	0	0
TCGA-ED-A7XO	Male	29	Asian	Not Hispanic Or Latino	STAGE IIIA	T3A	N0	M0	G2	14.03820232	0:LIVING	14.03820232	0:ALIVE OR DEAD TUMOR FREE	57	1.9	0.2117	6	Hepatocellular Carcinoma	0	1	0	0	0	0	0	0	0	0	0	0	0	0	0
TCGA-ED-A7XP	Female	53	Asian	Not Hispanic Or Latino	STAGE II	T2	N0	M0	G3	13.15054082	0:LIVING	13.15054082	0:ALIVE OR DEAD TUMOR FREE	58	2	0.2537	7	Hepatocellular Carcinoma	1	1	0	0	0	1	0	0	1	0	0	0	0	0	0
TCGA-ED-A82E	Female	60	Asian	Not Hispanic Or Latino	STAGE IIIA	T3A	N0	M0	G2	13.41355163	0:LIVING	13.41355163	0:ALIVE OR DEAD TUMOR FREE	29	0.933333333	0.6435	23	Hepatocellular Carcinoma	0	0	0	0	0	0	0	0	0	0	0	0	0	0	0
TCGA-ED-A8O5	Female	59	Asian	Not Hispanic Or Latino	STAGE IIIA	T3A	N0	M0	G3	13.34779893	0:LIVING	13.34779893	0:ALIVE OR DEAD TUMOR FREE	110	3.7	0.2573	8	Hepatocellular Carcinoma	0	0	1	0	0	0	0	0	0	0	0	0	0	1	0
TCGA-ED-A8O6	Female	50	Asian	Not Hispanic Or Latino	STAGE IIIA	T3A	N0	M0	G3	1.841075714	1:DECEASED	1.841075714	0:ALIVE OR DEAD TUMOR FREE	63	2.1	0.5375	25	Hepatocellular Carcinoma	0	0	0	0	0	0	0	0	0	0	0	0	0	0	0
TCGA-ED-A97K	Male	54	Asian	Not Hispanic Or Latino	STAGE IIIA	T3A	N0	M0	G2	0.197258112	0:LIVING	0.197258112	0:ALIVE OR DEAD TUMOR FREE	47	1.566666667	0.3209	31	Hepatocholangiocarcinoma (Mixed)	0	0	0	0	0	0	0	0	0	0	0	0	0	0	0
TCGA-EP-A12J	Male	62	Black or African American	Not Hispanic Or Latino	STAGE I	T1	NX	MX	G1	18.73952066	0:LIVING	18.73952066	0:ALIVE OR DEAD TUMOR FREE	51	1.7	0.1981	4	Hepatocellular Carcinoma	1	0	0	0	0	1	0	0	0	0	0	0	0	0	0
TCGA-EP-A26S	Male	70	White	Not Hispanic Or Latino	STAGE I	T1	N0	MX	G2	19.98882204	0:LIVING	19.98882204	0:ALIVE OR DEAD TUMOR FREE	89	5.766666667	0.0845	3	Hepatocellular Carcinoma	1	0	0	0	1	0	0	0	0	0	0	0	0	0	0
TCGA-EP-A2KA	Female	52	White	Not Hispanic Or Latino	STAGE IIIA	T3A	NX	MX	G3	20.61347273	1:DECEASED	20.61347273	1:DEAD WITH TUMOR	102	3.466666667	0.2531	5	Hepatocellular Carcinoma	1	0	0	0	0	0	0	0	0	0	0	0	0	0	0
TCGA-EP-A2KB	Female	46	White	Not Hispanic Or Latino	STAGE I	T1	NX	MX	G2	19.59430582	1:DECEASED	19.59430582	1:DEAD WITH TUMOR	77	2.566666667	0.6426	9	Hepatocellular Carcinoma	0	0	0	1	0	0	0	0	0	0	0	0	0	1	0
TCGA-EP-A2KC	Male	62	Black or African American	Not Hispanic Or Latino	STAGE I	T1	NX	MX	G3	0.624650689	1:DECEASED	0.624650689	0:ALIVE OR DEAD TUMOR FREE	81	2.633333333	0.3777	9	Hepatocellular Carcinoma	1	0	0	0	1	0	0	0	0	0	0	0	0	0	0
TCGA-EP-A3JL	Male	76	White	Not Hispanic Or Latino	STAGE I	T1	NX	MX	G2	9.961534668	0:LIVING	9.961534668	0:ALIVE OR DEAD TUMOR FREE	87	2.866666667	0.1861	31	Hepatocellular Carcinoma	1	0	0	0	1	0	0	0	0	0	0	0	0	0	0
TCGA-EP-A3RK	Male	73	White	Not Hispanic Or Latino	STAGE IIIA	T3A	NX	MX	G2	11.93411579	0:LIVING	11.93411579	0:ALIVE OR DEAD TUMOR FREE	53	3.466666667	0.2332	8	Hepatocellular Carcinoma	1	0	0	0	0	0	0	0	0	0	0	0	0	0	0
TCGA-ES-A2HS	Male	80	White	Not Hispanic Or Latino	STAGE I	T1	NX	MX	G2	22.6189302	1:DECEASED	22.6189302	0:ALIVE OR DEAD TUMOR FREE	65	2.2	0.3659	25	Hepatocellular Carcinoma	0	0	1	0	1	0	0	0	0	0	0	0	0	0	0
TCGA-ES-A2HT	Male	54	Black or African American	Not Hispanic Or Latino	STAGE I	T1	NX	MX	G2	14.39984219	1:DECEASED	14.39984219	0:ALIVE OR DEAD TUMOR FREE	67	2.266666667	0.1469	38	Hepatocellular Carcinoma	0	0	0	1	0	0	0	0	0	0	0	0	0	0	0
TCGA-FV-A23B	Female	70	White	Not Hispanic Or Latino	STAGE II	T2	N0	M0		60.88700398	1:DECEASED	60.88700398	1:DEAD WITH TUMOR	109	3.6	0.2019	6	Hepatocellular Carcinoma	0	0	1	1	0	0	0	0	0	0	0	0	0	1	0
TCGA-FV-A2QQ	Male	80	White	Not Hispanic Or Latino	STAGE I	T1	N0	MX	G2	23.96686064	0:LIVING	23.96686064	0:ALIVE OR DEAD TUMOR FREE	116	3.9	0.1404	4	Hepatocellular Carcinoma	1	0	0	0	1	1	0	0	0	0	0	0	0	0	0
TCGA-FV-A2QR	Male	75	White	Not Hispanic Or Latino	STAGE I	T1	N0	M0	G1	19.10116054	1:DECEASED	19.10116054	1:DEAD WITH TUMOR	103	3.533333333	0.2591	5	Hepatocellular Carcinoma	0	0	0	0	0	0	0	0	0	0	0	0	0	0	0
TCGA-FV-A3I0	Female	76	White	Not Hispanic Or Latino	STAGE II	T2	NX	M0	G2	27.87914653	0:LIVING	27.87914653	0:ALIVE OR DEAD TUMOR FREE	77	2.6	0.3727	19	Hepatocholangiocarcinoma (Mixed)	0	0	0	0	0	0	0	0	0	0	0	0	0	0	0
TCGA-FV-A3I1	Female	81	White	Not Hispanic Or Latino	STAGE II	T2	N0	MX	G2	8.120458954	1:DECEASED	8.120458954	0:ALIVE OR DEAD TUMOR FREE	69	4.633333333	0.263	9	Hepatocellular Carcinoma	0	1	0	0	0	0	0	0	0	0	0	1	0	0	0
TCGA-FV-A3R2	Male	75	White	Not Hispanic Or Latino	STAGE I	T1	NX	MX		6.378012296	1:DECEASED	6.378012296	0:ALIVE OR DEAD TUMOR FREE	73	2.433333333	0.4018	14	Hepatocellular Carcinoma	0	1	1	0	0	0	0	0	0	0	0	0	0	0	0
TCGA-FV-A3R3	Female	38	White	Not Hispanic Or Latino	STAGE I	T1	NX	MX	G2	12.03274485	1:DECEASED	12.03274485	0:ALIVE OR DEAD TUMOR FREE	53	1.766666667	0.0882	1	Hepatocellular Carcinoma	0	0	0	0	0	0	0	0	0	0	0	0	0	0	0
TCGA-FV-A495	Female	51	White	Not Hispanic Or Latino	STAGE II	T2	NX	M0	G2	0.032876352	0:LIVING	0.032876352	0:ALIVE OR DEAD TUMOR FREE	103	6.766666667	0.194	5	Hepatocellular Carcinoma	0	0	0	0	0	0	0	0	0	0	0	0	0	0	0
TCGA-FV-A496	Female	84	White	Not Hispanic Or Latino	STAGE I	T1	NX	M0	G2	0.32876352	0:LIVING	0.32876352	0:ALIVE OR DEAD TUMOR FREE	117	7.666666667	0.4553	9	Hepatocellular Carcinoma	0	1	0	0	1	0	0	0	0	0	0	0	0	0	0
TCGA-FV-A4ZP	Male	78	White	Not Hispanic Or Latino	STAGE IIIA	T3	NX	M0	G2	81.73061117	1:DECEASED	81.73061117	0:ALIVE OR DEAD TUMOR FREE	89	2.966666667	0.5099	17	Hepatocellular Carcinoma	0	1	0	0	0	0	0	0	0	0	0	0	0	0	0
TCGA-FV-A4ZQ	Male	52	White	Not Hispanic Or Latino	STAGE I	T1	NX	M0	G2	0.394516225	0:LIVING	0.394516225	0:ALIVE OR DEAD TUMOR FREE	71	2.4	0.2896	12	Hepatocellular Carcinoma	1	1	0	0	0	0	0	0	0	0	0	0	0	0	0
TCGA-G3-A25S	Male	64	White	Not Hispanic Or Latino	STAGE I	T1	N0	M0	G2	13.67656245	1:DECEASED	13.67656245	1:DEAD WITH TUMOR	141	4.6	0.5349	27	Hepatocellular Carcinoma	0	0	0	0	1	0	0	0	0	0	0	0	0	0	0
TCGA-G3-A25T	Female	45	White	Not Hispanic Or Latino	STAGE IIIA	T3	N0	M0	G2	51.05697472	0:LIVING	51.05697472	0:ALIVE OR DEAD TUMOR FREE	66	2.233333333	0.27	19	Hepatocellular Carcinoma	0	0	0	0	0	0	0	0	0	0	0	0	0	0	1
TCGA-G3-A25U	Female	63	Asian	Not Hispanic Or Latino	STAGE I	T1	N0	M0	G3	53.78571194	0:LIVING	53.78571194	0:ALIVE OR DEAD TUMOR FREE	95	3.133333333	0.247	6	Hepatocellular Carcinoma	0	1	0	0	0	0	1	0	0	0	0	0	1	0	0
TCGA-G3-A25V	Male	68	White	Not Hispanic Or Latino	STAGE I	T1	N0	M0	G2	28.27366275	0:LIVING	28.27366275	0:ALIVE OR DEAD TUMOR FREE	74	2.433333333	0.0017	0	Hepatocellular Carcinoma	0	1	0	0	0	0	0	0	0	0	0	0	0	0	0
TCGA-G3-A25W	Female	79	White	Not Hispanic Or Latino	STAGE IIIB	T3B	N0	M0	G2	30.73938916	0:LIVING	30.73938916	0:ALIVE OR DEAD TUMOR FREE	97	3.3	0.1229	9	Hepatocellular Carcinoma	0	0	0	0	0	1	0	0	0	0	0	0	0	0	0
TCGA-G3-A25X	Male	73	Asian	Not Hispanic Or Latino	STAGE II	T2	N0	M0	G3	58.48703028	0:LIVING	58.48703028	0:ALIVE OR DEAD TUMOR FREE	0	0	0.4083		Hepatocellular Carcinoma	0	0	0	0	0	0	0	0	0	0	0	0	0	0	0
TCGA-G3-A25Y	Female	52	Asian	Not Hispanic Or Latino	STAGE I	T1	N0	M0	G3	14.86011112	1:DECEASED	14.86011112	1:DEAD WITH TUMOR	94	3.166666667	0.2465	3	Hepatocellular Carcinoma	0	0	0	0	0	0	1	0	0	0	0	0	0	0	0
TCGA-G3-A25Z	Male	58	Asian	Not Hispanic Or Latino	STAGE I	T1	N0	M0	G2	21.53401059	0:LIVING	21.53401059	0:ALIVE OR DEAD TUMOR FREE	87	2.9	0.3118	7	Hepatocellular Carcinoma	1	1	0	0	0	0	0	0	0	0	0	0	0	0	0
TCGA-G3-A3CH	Male	53	Asian	Not Hispanic Or Latino	STAGE IIIA	T3A	N0	M0	G2	25.64355459	0:LIVING	25.64355459	0:ALIVE OR DEAD TUMOR FREE	37	1.233333333	0.1347	5	Hepatocellular Carcinoma	0	0	0	0	0	0	1	0	0	0	0	0	0	0	0
TCGA-G3-A3CI	Male	71	White	Not Hispanic Or Latino	STAGE I	T1	N0	M0	G2	5.917743367	0:LIVING	5.917743367	0:ALIVE OR DEAD TUMOR FREE	17	0.566666667	0.0164	0	Hepatocellular Carcinoma	0	0	0	0	0	1	0	0	0	0	0	0	0	0	0
TCGA-G3-A3CJ	Male	52	American Indian or Alaska Native	Not Hispanic Or Latino	STAGE II	T2	N0	M0	G2	19.52855311	0:LIVING	19.52855311	0:ALIVE OR DEAD TUMOR FREE			0.149	36	Hepatocellular Carcinoma	0	0	0	0	0	0	0	0	0	0	0	0	0	0	0
TCGA-G3-A3CK	Male	61	Asian	Not Hispanic Or Latino	STAGE I	T1	N0	M0	G2	19.23266594	0:LIVING	19.23266594	0:ALIVE OR DEAD TUMOR FREE	208	6.9	0.0781	1	Hepatocellular Carcinoma	1	0	0	0	0	0	0	0	0	0	1	0	0	0	0
TCGA-G3-A5SI	Male	44	Asian	Not Hispanic Or Latino	STAGE II	T2	N0	M0	G2	25.24903837	1:DECEASED	25.24903837	1:DEAD WITH TUMOR	36	1.166666667	0.3209	5	Hepatocellular Carcinoma	0	0	0	0	0	0	1	0	0	0	0	0	0	0	0
TCGA-G3-A5SJ	Male	59	White	Not Hispanic Or Latino	STAGE I	T1	NX	M0	G2	22.94769372	0:LIVING	22.94769372	0:ALIVE OR DEAD TUMOR FREE	98	3.266666667	0.2052	7	Hepatocellular Carcinoma	1	1	0	0	1	0	0	0	0	0	0	0	0	0	0
TCGA-G3-A5SK	Male	58	White	Not Hispanic Or Latino	STAGE I	T1	NX	M0	G1	24.46000592	0:LIVING	24.46000592	0:ALIVE OR DEAD TUMOR FREE	89	2.966666667			Hepatocellular Carcinoma	0	0	0	0	1	0	0	0	0	0	0	0	0	0	0
TCGA-G3-A5SL	Male	70	White	Not Hispanic Or Latino	STAGE II	T2	NX	M0	G2	20.41621462	0:LIVING	20.41621462	0:ALIVE OR DEAD TUMOR FREE	125	4.2	0.174	6	Hepatocellular Carcinoma	1	0	0	0	0	0	0	0	0	1	0	0	0	0	0
TCGA-G3-A5SM	Male	58	White	Not Hispanic Or Latino	STAGE II	T2	NX	M0	G3	17.09570306	0:LIVING	17.09570306	0:ALIVE OR DEAD TUMOR FREE	111	3.733333333	0.1591	22	Hepatocellular Carcinoma	0	1	0	0	0	0	0	0	0	0	0	0	0	0	0
TCGA-G3-A6UC	Male	65	White	Not Hispanic Or Latino	STAGE IIIB	T3B	N0	M0	G2	22.06003222	0:LIVING	22.06003222	0:ALIVE OR DEAD TUMOR FREE	113	3.8	0.2504	7	Hepatocellular Carcinoma	1	0	0	0	0	0	0	0	0	0	0	0	0	0	0
TCGA-G3-A7M5	Male	76	Asian	Not Hispanic Or Latino	STAGE I	T1	NX	MX	G2	14.69572936	0:LIVING	14.69572936	0:ALIVE OR DEAD TUMOR FREE	168	5.566666667	0.2592	18	Hepatocellular Carcinoma	0	0	0	0	0	0	0	0	0	0	0	0	0	0	0
TCGA-G3-A7M6	Female	60	White	Not Hispanic Or Latino	STAGE I	T1	NX	MX	G3	20.77785449	0:LIVING	20.77785449	0:ALIVE OR DEAD TUMOR FREE	83	2.8	0.2587	8	Hepatocellular Carcinoma	0	1	0	0	0	1	0	0	0	0	0	0	0	0	0
TCGA-G3-A7M7	Male	65	White	Not Hispanic Or Latino	STAGE I	T1	NX	MX	G1	11.86836309	0:LIVING	11.86836309	0:ALIVE OR DEAD TUMOR FREE	67	2.233333333	0.0496	2	Hepatocellular Carcinoma	0	0	0	0	0	0	0	0	0	0	0	0	0	0	0
TCGA-G3-A7M8	Male	31	Asian	Not Hispanic Or Latino	STAGE I	T1	NX	MX	G1	14.13683138	0:LIVING	14.13683138	0:ALIVE OR DEAD TUMOR FREE	23	0.766666667	0.0	0	Hepatocellular Carcinoma	0	0	0	0	0	1	0	0	0	0	0	0	1	0	0
TCGA-G3-A7M9	Male	70	White	Not Hispanic Or Latino	STAGE IIIB	T3B	NX	MX	G2	1.841075714	1:DECEASED	1.841075714		123	4.133333333	0.4412	16	Hepatocellular Carcinoma	0	1	0	0	0	0	0	0	0	0	0	0	0	0	0
TCGA-G3-AAUZ	Male	48		Hispanic Or Latino	STAGE I	T1	N0	M0	G2	15.78064898	0:LIVING	15.78064898	0:ALIVE OR DEAD TUMOR FREE	81	2.733333333	0.2024	8	Hepatocellular Carcinoma	0	0	0	0	0	0	0	0	0	0	0	0	0	0	0
TCGA-G3-AAV0	Male	58	Asian	Not Hispanic Or Latino	STAGE I	T1	N0	M0	G2	15.64914357	0:LIVING	15.64914357	0:ALIVE OR DEAD TUMOR FREE	162	5.466666667	0.1766	4	Hepatocellular Carcinoma	0	0	0	0	1	0	0	0	1	0	0	0	1	0	0
TCGA-G3-AAV1	Male	51	Asian	Not Hispanic Or Latino	STAGE IIIC	T4	N0	M0	G3	11.80261038	1:DECEASED	11.80261038	1:DEAD WITH TUMOR	50	1.7	0.3641	17	Hepatocellular Carcinoma	1	0	0	0	0	0	0	0	0	0	0	0	0	0	0
TCGA-G3-AAV2	Male	50	White	Not Hispanic Or Latino	STAGE I	T1	N0	M0	G1	12.23000296	0:LIVING	12.23000296	0:ALIVE OR DEAD TUMOR FREE	46	1.533333333	0.2133	5	Hepatocellular Carcinoma	1	0	0	0	0	0	0	0	0	0	0	0	0	0	0
TCGA-G3-AAV3	Female	58	White	Not Hispanic Or Latino	STAGE II	T2	N0	M0	G2	13.54505704	0:LIVING	13.54505704	0:ALIVE OR DEAD TUMOR FREE	82	2.8	0.1787	6	Hepatocellular Carcinoma	1	0	0	0	0	0	0	0	0	0	0	1	0	0	0
TCGA-G3-AAV4	Female	83	White	Not Hispanic Or Latino	STAGE I	T1	N0	M0	G1	0.887661505	1:DECEASED	0.887661505	0:ALIVE OR DEAD TUMOR FREE	105	3.533333333	0.3684	12	Hepatocellular Carcinoma	1	1	0	0	0	1	0	0	0	1	0	0	0	0	0
TCGA-G3-AAV5	Male	67	White	Not Hispanic Or Latino	STAGE II	T2	N0	M0	G2	11.63822862	0:LIVING	11.63822862	0:ALIVE OR DEAD TUMOR FREE	76	2.566666667	0.2757	11	Hepatocellular Carcinoma	1	0	0	0	1	0	0	0	0	0	1	0	0	0	0
TCGA-G3-AAV6	Female	53	White	Not Hispanic Or Latino	STAGE IIIA	T3A	N0	M0	G3	2.136962883	1:DECEASED	2.136962883	1:DEAD WITH TUMOR	65	2.2	0.6912	24	Hepatocellular Carcinoma	1	0	0	0	0	0	0	0	0	0	0	0	0	0	0
TCGA-G3-AAV7	Male	38	Asian	Not Hispanic Or Latino	STAGE II	T2	N0	M0	G2	11.86836309	0:LIVING	11.86836309	0:ALIVE OR DEAD TUMOR FREE	75	2.566666667	0.5017	12	Hepatocellular Carcinoma	0	1	1	0	0	0	1	0	0	0	0	0	0	0	0
TCGA-GJ-A3OU	Male	59	White	Not Hispanic Or Latino	STAGE I	T1	NX	MX	G2	28.89831344	0:LIVING	28.89831344	0:ALIVE OR DEAD TUMOR FREE	56	1.9	0.1474	7	Hepatocellular Carcinoma	0	1	0	0	0	0	0	0	0	0	0	0	0	0	0
TCGA-GJ-A6C0	Female	75	White	Not Hispanic Or Latino	STAGE II	T2	NX	MX	G2	1.019166913	1:DECEASED	1.019166913		81	4.5	0.1557	3	Hepatocellular Carcinoma	0	0	0	0	0	0	0	0	0	0	0	0	1	0	0
TCGA-GJ-A9DB	Male	68	White	Not Hispanic Or Latino	STAGE I	T1	N0	MX	G2	2.202715587	1:DECEASED	2.202715587		74	2.533333333	0.1389	6	Hepatocellular Carcinoma	0	0	0	0	0	0	0	0	0	0	0	0	0	0	0
TCGA-HP-A5MZ	Male	78			STAGE I	T1	NX	M0	G2	2.991748036	1:DECEASED	2.991748036	0:ALIVE OR DEAD TUMOR FREE	46	1.533333333	0.0821	5	Hepatocellular Carcinoma	0	0	0	0	0	1	0	0	0	0	0	0	0	0	0
TCGA-HP-A5N0	Female	90				TX	NX	M0		37.70917579	1:DECEASED	37.70917579	1:DEAD WITH TUMOR	128	4.3	0.1655	5	Hepatocellular Carcinoma	0	0	0	0	0	0	0	0	0	0	0	0	1	0	0
TCGA-K7-A5RF	Male	64	White	Not Hispanic Or Latino	STAGE I	T1	NX	MX	G1	20.74497814	0:LIVING	20.74497814	0:ALIVE OR DEAD TUMOR FREE	53	3.466666667	1.0E-4		Hepatocellular Carcinoma	0	0	0	0	0	0	0	0	0	0	0	0	0	0	0
TCGA-K7-A5RG	Male	66	Black or African American	Not Hispanic Or Latino	STAGE I	T1	NX	MX	G1	17.06282671	0:LIVING	17.06282671	0:ALIVE OR DEAD TUMOR FREE	124	8.266666667	0.001	6	Hepatocellular Carcinoma	0	1	0	0	0	0	0	0	0	0	1	0	0	0	0
TCGA-K7-A6G5	Male	66	White	Not Hispanic Or Latino	STAGE I	T1	N0	MX	G2	16.83269224	0:LIVING	16.83269224	0:ALIVE OR DEAD TUMOR FREE	75	2.466666667	0.1482	3	Hepatocellular Carcinoma	1	0	0	0	1	0	0	0	0	0	0	0	0	0	0
TCGA-K7-AAU7	Male	61	White	Not Hispanic Or Latino	STAGE II	T2A	NX	MX	G2	11.80261038	0:LIVING	11.80261038	0:ALIVE OR DEAD TUMOR FREE	63	2.166666667	0.1306	6	Hepatocholangiocarcinoma (Mixed)	0	1	0	0	1	0	0	0	0	0	0	0	0	0	0
TCGA-KR-A7K0	Male	65	White		STAGE I	T1	N0	M0	G1	2.136962883	1:DECEASED	2.136962883	0:ALIVE OR DEAD TUMOR FREE	83	2.8	0.0403	2	Hepatocellular Carcinoma	1	0	0	0	0	1	0	0	0	0	0	0	0	0	0
TCGA-KR-A7K2	Male	64	White		STAGE I	T1	N0	M0	G1	27.25449584	0:LIVING	27.25449584	0:ALIVE OR DEAD TUMOR FREE	45	1.5	0.5762	20	Hepatocholangiocarcinoma (Mixed)	0	0	0	0	0	0	0	0	0	0	0	0	0	0	0
TCGA-KR-A7K7	Female	61	White		STAGE II	T2	N0	M0	G1	31.26541079	0:LIVING	31.26541079	0:ALIVE OR DEAD TUMOR FREE	61	2.066666667	0.5096	20	Hepatocellular Carcinoma	0	0	0	0	0	0	0	0	0	0	0	0	0	0	0
TCGA-KR-A7K8	Male	57			STAGE I	T1	N0	M0	G1	29.78597495	0:LIVING	29.78597495	0:ALIVE OR DEAD TUMOR FREE	49	1.666666667	0.1573	4	Hepatocellular Carcinoma	0	0	0	1	0	0	0	0	0	0	0	0	0	0	0
TCGA-LG-A6GG	Female	79	White	Not Hispanic Or Latino	STAGE II	T2	NX	M0	G2	12.72314824	0:LIVING	12.72314824	0:ALIVE OR DEAD TUMOR FREE	178	11.93333333	0.4875	16	Hepatocellular Carcinoma	0	0	0	1	0	0	0	0	0	0	0	0	0	0	0
TCGA-LG-A9QC	Male	48	White	Not Hispanic Or Latino	STAGE I	T1	NX	M0	G2	13.97244962	0:LIVING	13.97244962	0:ALIVE OR DEAD TUMOR FREE	44	1.466666667	0.2744	7	Hepatocellular Carcinoma	0	0	0	0	0	0	0	0	0	0	0	0	0	0	0
TCGA-LG-A9QD	Male	68	White	Hispanic Or Latino	STAGE IIIA	T3A	N0	M0	G2	12.03274485	0:LIVING	12.03274485	0:ALIVE OR DEAD TUMOR FREE	98	3.3	0.0995	3	Hepatocellular Carcinoma	1	0	0	0	1	1	0	0	0	0	0	0	0	0	0
TCGA-MI-A75C	Male	64	White	Not Hispanic Or Latino	STAGE I	T1	N0	M0	G3	9.567018444	0:LIVING	9.567018444	0:ALIVE OR DEAD TUMOR FREE	107	3.6	0.1383	5	Hepatocellular Carcinoma	1	0	0	0	0	0	0	0	0	1	0	0	0	0	0
TCGA-MI-A75E	Male	61	White	Not Hispanic Or Latino	STAGE IIIC	T4	N0	M0	G2	16.66831048	0:LIVING	16.66831048	0:ALIVE OR DEAD TUMOR FREE	117	3.933333333	0.1609	6	Hepatocellular Carcinoma	0	0	0	0	0	0	0	0	0	0	0	0	0	1	0
TCGA-MI-A75G	Male	63	White	Not Hispanic Or Latino	STAGE II	T2	N0	M0	G2	22.94769372	0:LIVING	22.94769372	0:ALIVE OR DEAD TUMOR FREE	225	7.6	0.4654	14	Hepatocellular Carcinoma	0	1	0	0	1	0	0	0	0	0	0	0	0	0	0
TCGA-MI-A75H	Male	77	White	Not Hispanic Or Latino			NX	MX		24.55863497	0:LIVING	24.55863497	0:ALIVE OR DEAD TUMOR FREE	121	4.066666667	0.1588	5	Hepatocellular Carcinoma	1	0	0	0	0	0	0	0	0	0	0	0	0	0	0
TCGA-MI-A75I	Male	61	Black or African American	Not Hispanic Or Latino		T2	NX	MX	G1	20.71210179	0:LIVING	20.71210179	0:ALIVE OR DEAD TUMOR FREE	158	5.266666667	0.3185	11	Hepatocellular Carcinoma	0	1	0	0	0	0	0	0	0	0	0	0	0	0	0
TCGA-MR-A520	Male	58	White	Not Hispanic Or Latino	STAGE I	T1	NX	MX	G1	7.528684617	0:LIVING	7.528684617	0:ALIVE OR DEAD TUMOR FREE	17	0.566666667	0.0	0	Hepatocellular Carcinoma	0	0	0	0	0	0	0	0	0	0	0	0	0	0	0
TCGA-MR-A8JO	Male	34	White		STAGE I	T1	N0	MX	G3	10.84919617	0:LIVING	10.84919617	0:ALIVE OR DEAD TUMOR FREE	33	1.1	0.1188	6	Fibrolamellar Carcinoma	0	0	0	0	0	0	0	0	0	0	0	0	0	0	0
TCGA-NI-A4U2	Male	71	White	Not Hispanic Or Latino	STAGE IIIA	T3	NX	MX	G1	58.8815465	1:DECEASED	58.8815465	1:DEAD WITH TUMOR	111	7.3	0.1269	4	Hepatocellular Carcinoma	0	0	0	0	0	0	0	0	0	0	0	0	0	0	0
TCGA-NI-A8LF	Male	74	White	Not Hispanic Or Latino	STAGE I	T1	NX	MX	G3	26.26820528	0:LIVING	26.26820528	0:ALIVE OR DEAD TUMOR FREE	93	3.133333333	0.4651	18	Hepatocellular Carcinoma	1	1	0	1	0	0	0	0	0	0	0	0	0	0	0
TCGA-O8-A75V	Male	54		Hispanic Or Latino	STAGE I	T1	NX	MX	G2	17.6874774	0:LIVING	17.6874774	0:ALIVE OR DEAD TUMOR FREE	68	2.3	0.2609	8	Hepatocellular Carcinoma	1	0	0	0	0	0	0	0	0	0	0	0	0	0	0
TCGA-PD-A5DF	Female	58	White	Not Hispanic Or Latino	STAGE IIIB	T4	N0	M0	G2	21.00798895	1:DECEASED	21.00798895	1:DEAD WITH TUMOR	42	1.4	0.1803	3	Hepatocellular Carcinoma	0	0	0	0	0	0	0	0	0	0	0	0	0	0	0
TCGA-QA-A7B7	Male	48	Black or African American	Not Hispanic Or Latino	STAGE II	T2	NX	MX	G2	3.090377092	0:LIVING	3.090377092	0:ALIVE OR DEAD TUMOR FREE	79	2.6	0.2544	8	Hepatocellular Carcinoma	0	1	0	0	0	0	0	0	0	0	0	0	0	0	0
TCGA-RC-A6M3	Male	24	American Indian or Alaska Native		STAGE II	T2	N0	M0	G3	0	0:LIVING	0	0:ALIVE OR DEAD TUMOR FREE	73	2.4	0.4863	23	Hepatocellular Carcinoma	0	0	0	0	0	0	0	0	0	0	0	0	0	0	0
TCGA-RC-A6M4	Female	74	White	Not Hispanic Or Latino	STAGE IIIA	T3	NX	MX	G2	0.723279745	0:LIVING	0.723279745	0:ALIVE OR DEAD TUMOR FREE	157	5.266666667	0.4046	17	Hepatocellular Carcinoma	1	0	0	0	0	1	0	0	0	0	0	0	0	0	0
TCGA-RC-A6M5	Female	20	White		STAGE IVA	T1	N1	M0	G2	0.493145281	0:LIVING	0.493145281	0:ALIVE OR DEAD TUMOR FREE	23	0.766666667	0.028	15	Fibrolamellar Carcinoma	0	0	0	0	0	0	0	0	0	0	0	0	0	0	0
TCGA-RC-A6M6	Male	75	White	Not Hispanic Or Latino	STAGE II	T2	NX	M0	G3	0.295887168	0:LIVING	0.295887168	0:ALIVE OR DEAD TUMOR FREE	180	6.033333333	0.2793	5	Hepatocellular Carcinoma	0	1	0	0	0	0	0	0	0	0	1	0	0	0	0
TCGA-RC-A7S9	Female	47	Asian	Not Hispanic Or Latino	STAGE I	T1	N0	M0	G3	21.04086531	0:LIVING	21.04086531	0:ALIVE OR DEAD TUMOR FREE	56	1.866666667	0.1606	5	Hepatocellular Carcinoma	0	0	0	0	0	1	1	0	0	0	0	0	0	0	0
TCGA-RC-A7SB	Male	53	Asian	Not Hispanic Or Latino	STAGE II	T2	N0	M0	G2	19.331295	0:LIVING	19.331295	0:ALIVE OR DEAD TUMOR FREE	56	1.9	0.1806	5	Hepatocellular Carcinoma	0	1	0	0	0	0	0	0	0	0	0	0	0	0	0
TCGA-RC-A7SF	Male	66	Asian	Not Hispanic Or Latino	STAGE I	T1	N0	M0	G2	19.03540783	0:LIVING	19.03540783	0:ALIVE OR DEAD TUMOR FREE	76	2.533333333	0.246	10	Hepatocellular Carcinoma	0	0	0	0	0	0	0	0	0	0	0	0	0	0	0
TCGA-RC-A7SH	Male	42	Asian	Not Hispanic Or Latino	STAGE II	T2	N0	M0	G3	15.38613276	0:LIVING	15.38613276	0:ALIVE OR DEAD TUMOR FREE	60	2.066666667	0.3846	7	Hepatocellular Carcinoma	0	1	0	0	0	0	0	0	0	1	0	0	0	0	0
TCGA-RC-A7SK	Male	59	Asian	Not Hispanic Or Latino	STAGE I	T1	N0	M0	G3	15.51763816	0:LIVING	15.51763816	0:ALIVE OR DEAD TUMOR FREE	136	4.5	0.3095	18	Hepatocellular Carcinoma	0	1	0	0	0	0	0	0	0	0	0	0	0	0	0
TCGA-RG-A7D4	Male	69	Black or African American	Not Hispanic Or Latino	STAGE II	T2	N0	M0	G2	36.09823454	0:LIVING	36.09823454	0:ALIVE OR DEAD TUMOR FREE	91	3.066666667	0.4577	31	Hepatocellular Carcinoma	1	1	0	0	0	0	0	0	0	0	0	0	0	0	0
TCGA-UB-A7MA	Female	62	White	Not Hispanic Or Latino	STAGE II	T2B	N0	M0	G2	27.87914653	0:LIVING	27.87914653	0:ALIVE OR DEAD TUMOR FREE	70	2.333333333	0.4301	14	Hepatocholangiocarcinoma (Mixed)	0	0	0	0	0	0	0	0	0	0	0	0	0	0	0
TCGA-UB-A7MB	Male	24	White	Not Hispanic Or Latino	STAGE II	T2	NX	MX	G3	19.75868758	0:LIVING	19.75868758	0:ALIVE OR DEAD TUMOR FREE	1319	44.1	0.1698	4	Hepatocellular Carcinoma	0	1	0	0	0	1	1	0	0	0	0	0	0	0	0
TCGA-UB-A7MC	Male	59	White	Not Hispanic Or Latino	STAGE IIIA	T3A	N0	MX	G3	16.43817602	0:LIVING	16.43817602	0:ALIVE OR DEAD TUMOR FREE	62	2.1	0.4477	15	Hepatocellular Carcinoma	1	1	0	0	0	0	0	0	0	0	0	0	0	0	0
TCGA-UB-A7MD	Male	67	Black or African American	Not Hispanic Or Latino	STAGE I	T1	N0	MX	G3	1.709570306	1:DECEASED	1.709570306	0:ALIVE OR DEAD TUMOR FREE	105	3.5	0.1905	6	Hepatocellular Carcinoma	1	1	0	1	0	0	0	0	0	0	0	0	0	0	0
TCGA-UB-A7ME	Male	51	Asian	Not Hispanic Or Latino	STAGE I	T1	NX	MX	G2	15.97790709	0:LIVING	15.97790709	0:ALIVE OR DEAD TUMOR FREE	79	2.666666667	0.4304	25	Hepatocellular Carcinoma	0	0	0	1	0	0	0	0	0	0	0	0	0	0	0
TCGA-UB-A7MF	Male	56	White	Not Hispanic Or Latino	STAGE IIIA	T3A	NX	MX	G2	7.035539337	1:DECEASED	7.035539337	1:DEAD WITH TUMOR	101	3.333333333	0.2654	12	Hepatocellular Carcinoma	0	1	0	0	0	0	0	0	0	0	0	0	0	0	0
TCGA-UB-AA0U	Male	60	White	Not Hispanic Or Latino	STAGE II	T2	NX	MX	G2	10.75056712	0:LIVING	10.75056712	0:ALIVE OR DEAD TUMOR FREE	71	2.333333333	0.4287	18	Hepatocellular Carcinoma	0	0	0	0	0	0	0	0	0	1	0	0	0	0	0
TCGA-UB-AA0V	Female	69	White	Not Hispanic Or Latino	STAGE I	T0	NX	MX	G1	10.32317454	0:LIVING	10.32317454	0:ALIVE OR DEAD TUMOR FREE	33	1.2	0.0	0	Hepatocellular Carcinoma	0	0	0	0	0	0	0	0	0	0	0	0	0	0	0
TCGA-WJ-A86L	Female	68	White	Not Hispanic Or Latino	STAGE I	T1	NX	MX	G2	11.34234145	0:LIVING	11.34234145	0:ALIVE OR DEAD TUMOR FREE	121	4.033333333	0.1545	4	Hepatocellular Carcinoma	0	1	0	0	0	0	0	0	0	0	0	0	0	0	0
TCGA-WQ-A9G7	Female	71	White	Not Hispanic Or Latino		T3A	NX	M0	G3	0.986290561	0:LIVING	0.986290561	0:ALIVE OR DEAD TUMOR FREE	447	15.06666667	0.4075	21	Hepatocellular Carcinoma	0	1	0	0	0	1	0	0	0	0	0	0	0	0	1
TCGA-WQ-AB4B	Male	62	White	Not Hispanic Or Latino	STAGE II	T2	NX	M0	G2	12.98615906	0:LIVING	12.98615906	0:ALIVE OR DEAD TUMOR FREE	67	2.233333333	0.3343	24	Hepatocellular Carcinoma	0	1	0	0	1	0	0	0	0	0	0	0	0	0	0
TCGA-WX-AA44	Female	64	White	Hispanic Or Latino	STAGE I	T1	NX	MX	G3	20.21895651	0:LIVING	20.21895651	0:ALIVE OR DEAD TUMOR FREE	70	2.333333333	0.1867	5	Hepatocellular Carcinoma	0	1	0	0	0	0	1	0	0	0	0	0	0	0	0
TCGA-WX-AA46	Male	61	White	Not Hispanic Or Latino	STAGE II	T2	NX	MX	G1	24.85452214	0:LIVING	24.85452214	0:ALIVE OR DEAD TUMOR FREE	61	2.033333333	0.0543	2	Hepatocellular Carcinoma	0	0	0	0	0	0	0	0	0	0	0	0	0	0	0
TCGA-WX-AA47	Female	33	White	Not Hispanic Or Latino	STAGE IIIA	T3A	NX	MX	G2	18.27925173	1:DECEASED	18.27925173	1:DEAD WITH TUMOR	39	1.3	0.23	6	Hepatocellular Carcinoma	1	0	0	0	0	0	0	0	0	0	0	0	0	0	0
TCGA-XR-A8TD	Female	49	White	Hispanic Or Latino	STAGE IIIB	T3	N0	M0	G3	33.8626426	0:LIVING	33.8626426	0:ALIVE OR DEAD TUMOR FREE	51	1.7	0.2393	8	Hepatocellular Carcinoma	0	0	0	0	0	0	0	0	0	1	0	0	0	0	0
TCGA-XR-A8TE	Male	16	White	Hispanic Or Latino	STAGE IIIA	T3	N0	MX	G1	30.41062564	0:LIVING	30.41062564	0:ALIVE OR DEAD TUMOR FREE	12	0.4	0.2089	6	Hepatocellular Carcinoma	0	0	0	0	0	0	0	0	0	0	0	0	0	0	0
TCGA-XR-A8TF	Male	74	White	Hispanic Or Latino	STAGE I	T1	NX	MX	G1	22.78331196	1:DECEASED	22.78331196	0:ALIVE OR DEAD TUMOR FREE	133	4.5	0.5159	17	Hepatocellular Carcinoma	1	0	1	1	0	0	0	0	0	0	0	0	0	0	0
TCGA-XR-A8TG	Male	58	White	Hispanic Or Latino	STAGE I	T1	NX	M0	G2	29.52296413	0:LIVING	29.52296413	0:ALIVE OR DEAD TUMOR FREE	78	2.6	0.2033	5	Hepatocellular Carcinoma	0	1	0	0	0	0	0	0	1	0	0	0	0	0	0
TCGA-YA-A8S7	Male	68	White	Hispanic Or Latino	STAGE IIIA	T3A	N0	MX	G3	13.54505704	1:DECEASED	13.54505704	1:DEAD WITH TUMOR	70	2.366666667	0.2706	24	Hepatocellular Carcinoma	0	1	0	0	0	1	0	0	0	0	0	0	0	0	0
TCGA-ZP-A9CV	Male	59	White	Not Hispanic Or Latino		T1	NX	MX	G1	35.76947102	1:DECEASED	35.76947102	1:DEAD WITH TUMOR	104	3.5	0.153	4	Hepatocellular Carcinoma	1	0	0	0	0	0	0	0	0	1	0	0	0	1	0
TCGA-ZP-A9CY	Female	66	White	Not Hispanic Or Latino		T1	NX	MX	G1	25.7093073	0:LIVING	25.7093073	0:ALIVE OR DEAD TUMOR FREE	82	2.8	0.0245	0	Hepatocellular Carcinoma	0	0	0	0	0	0	0	0	0	0	0	0	0	0	0
TCGA-ZP-A9CZ	Male	72	Asian	Not Hispanic Or Latino		T1	NX	MX	G1	23.21070454	0:LIVING	23.21070454	0:ALIVE OR DEAD TUMOR FREE	47	1.566666667	0.1809	4	Hepatocellular Carcinoma	0	0	0	0	0	0	0	0	0	0	0	0	0	0	0
TCGA-ZP-A9D0	Female	67	Black or African American	Not Hispanic Or Latino		T1	NX	MX	G1	35.86810008	0:LIVING	35.86810008	0:ALIVE OR DEAD TUMOR FREE	52	1.766666667	0.1723	4	Hepatocellular Carcinoma	0	0	0	0	0	0	0	0	0	0	0	0	0	0	0
TCGA-ZP-A9D1	Female	56	White	Not Hispanic Or Latino		T1	NX	MX	G2	0.690403393	0:LIVING	0.690403393	0:ALIVE OR DEAD TUMOR FREE	119	4.033333333	0.5078	16	Hepatocellular Carcinoma	0	0	0	0	0	0	0	0	0	0	0	0	0	0	0
TCGA-ZP-A9D2	Male	51	White	Not Hispanic Or Latino		T2	NX	MX	G2	25.15040931	1:DECEASED	25.15040931	1:DEAD WITH TUMOR	54	1.833333333	0.282	10	Hepatocellular Carcinoma	0	1	0	0	0	0	0	0	0	0	0	0	0	0	0
TCGA-ZP-A9D4	Female	64	White	Not Hispanic Or Latino		T1	NX	MX	G1	12.98615906	0:LIVING	12.98615906	0:ALIVE OR DEAD TUMOR FREE	63	2.166666667	0.1411	5	Hepatocellular Carcinoma	1	0	0	0	1	0	0	1	0	0	0	0	0	0	0
TCGA-ZS-A9CD	Male	73	White	Not Hispanic Or Latino	STAGE II	T2	NX	MX	G2	45.56662393	1:DECEASED	45.56662393		92	3.1	0.1593	3	Hepatocellular Carcinoma	0	0	0	1	1	1	0	0	0	0	0	0	0	0	0
TCGA-ZS-A9CE	Female	79	White	Not Hispanic Or Latino	STAGE II	T2	NX	MX	G1	40.79955288	0:LIVING	40.79955288	0:ALIVE OR DEAD TUMOR FREE	117	3.9	0.2797	14	Hepatocellular Carcinoma	0	0	0	0	0	0	0	0	0	0	0	0	1	0	0
TCGA-ZS-A9CF	Male	64	White	Not Hispanic Or Latino	STAGE II	T2	NX	MX	G2	79.29776112	0:LIVING	79.29776112	0:ALIVE OR DEAD TUMOR FREE	82	2.833333333	0.2228	5	Hepatocellular Carcinoma	0	0	0	0	1	0	0	0	0	0	0	0	0	0	0
TCGA-ZS-A9CG	Male	55	White	Not Hispanic Or Latino	STAGE II	T2	NX	MX	G2	11.21083605	0:LIVING	11.21083605	0:ALIVE OR DEAD TUMOR FREE	75	2.5	0.1941	5	Hepatocellular Carcinoma	1	0	0	0	1	0	0	0	0	0	0	0	0	0	1
