patientId	CTNNB1	TP53	AXIN1	ARID1A	ALB	APOB	RB1	TERT	CDKN2A	ARID2	KEAP1	NFE2L2	PIK3CA	RPS6KA3	BAP1
TCGA-2V-A95S	0	0	0	1	1	0	0	0	0	0	0	0	0	0	0
TCGA-2Y-A9GS	0	1	0	0	1	0	0	0	0	0	1	0	0	0	0
TCGA-2Y-A9GT	0	0	0	0	0	0	0	0	0	0	0	0	0	0	0
TCGA-2Y-A9GU	0	0	0	0	0	0	0	0	0	0	0	0	0	0	1
TCGA-2Y-A9GV	0	0	0	0	0	0	0	0	0	0	0	0	0	0	0
TCGA-2Y-A9GW	0	0	0	0	0	0	0	0	0	0	0	0	0	0	0
TCGA-2Y-A9GX	0	0	0	0	0	0	0	0	0	0	0	0	0	0	0
TCGA-2Y-A9GY	0	1	0	0	0	0	0	0	0	0	1	0	0	1	0
TCGA-2Y-A9GZ	0	0	0	0	1	0	0	0	0	0	0	0	0	0	0
TCGA-2Y-A9H0	0	0	0	0	0	0	0	0	0	0	0	0	0	0	0
TCGA-2Y-A9H1	1	0	0	0	0	0	0	0	0	0	0	0	0	0	0
TCGA-2Y-A9H2	0	0	0	0	0	0	0	0	0	0	0	0	0	0	1
TCGA-2Y-A9H3	0	0	0	0	0	0	0	0	0	0	1	0	0	0	1
TCGA-2Y-A9H4	0	1	0	0	0	0	0	0	0	0	0	0	0	0	0
TCGA-2Y-A9H5	0	0	0	0	0	0	0	0	0	0	0	0	0	0	0
TCGA-2Y-A9H6	0	0	0	0	0	0	0	0	0	0	0	0	0	0	1
TCGA-2Y-A9H7	0	0	1	0	0	0	0	0	0	0	0	0	0	0	0
TCGA-2Y-A9H8	0	1	0	0	0	0	0	0	0	0	0	0	0	0	0
TCGA-2Y-A9H9	0	0	0	0	0	0	0	0	0	0	0	0	0	0	0
TCGA-2Y-A9HA	1	1	0	0	0	0	0	0	0	0	0	0	0	0	0
TCGA-2Y-A9HB	1	0	0	0	0	0	0	0	0	0	0	0	0	1	0
TCGA-3K-AAZ8	1	0	0	0	1	0	0	0	0	1	0	0	0	0	0
TCGA-4R-AA8I	1	1	0	0	0	1	0	0	0	0	0	0	0	0	0
TCGA-5C-A9VG	1	0	0	0	0	0	0	0	0	0	0	0	0	0	0
TCGA-5C-A9VH	0	0	0	0	0	0	0	0	0	0	0	0	0	0	0
TCGA-5C-AAPD	0	1	0	0	0	0	0	0	0	0	0	0	0	0	0
TCGA-5R-AA1C	1	0	0	0	0	0	0	0	0	0	0	0	0	0	0
TCGA-5R-AA1D	0	0	0	0	0	0	0	0	0	0	0	0	0	0	0
TCGA-5R-AAAM	0	0	0	0	0	0	0	0	0	0	0	1	0	0	0
TCGA-BC-4072	0	0	0	0	0	0	0	0	0	0	0	0	0	0	0
TCGA-BC-4073	0	0	0	0	1	0	0	0	0	0	0	0	0	0	0
TCGA-BC-A10Q	0	0	0	0	0	0	0	0	0	0	0	0	0	0	1
TCGA-BC-A10R	0	1	0	0	0	0	0	0	0	0	0	0	0	0	1
TCGA-BC-A10S	0	0	0	0	0	0	0	0	0	0	0	0	0	0	0
TCGA-BC-A10T	0	0	0	0	0	0	0	0	0	0	0	0	0	0	0
TCGA-BC-A10U	0	1	0	0	0	0	0	0	0	0	0	0	0	0	0
TCGA-BC-A10W	0	0	0	1	0	0	1	0	0	0	0	0	0	0	0
TCGA-BC-A10X	0	0	0	0	0	0	0	0	0	0	0	0	0	0	0
TCGA-BC-A10Y	0	0	0	0	0	0	0	0	0	0	0	0	0	0	0
TCGA-BC-A10Z	0	0	0	0	0	1	0	0	0	0	0	0	0	0	0
TCGA-BC-A110	0	0	0	0	0	0	0	0	0	0	0	0	0	0	0
TCGA-BC-A112	0	0	0	0	0	0	0	0	0	0	0	0	0	0	0
TCGA-BC-A216	0	1	0	0	0	0	0	0	0	0	0	0	0	0	0
TCGA-BC-A217	0	1	0	0	0	0	0	0	0	0	0	0	0	0	0
TCGA-BC-A3KF	0	0	0	0	0	0	0	0	0	0	0	0	0	0	0
TCGA-BC-A3KG	0	0	0	0	0	0	0	0	0	0	0	0	0	0	0
TCGA-BC-A5W4	1	1	0	0	0	0	0	0	0	0	0	0	0	0	0
TCGA-BC-A69H	1	1	0	0	0	0	0	0	0	0	0	0	0	0	0
TCGA-BC-A69I	0	0	0	0	0	0	0	0	0	0	0	0	0	0	0
TCGA-BC-A8YO	0	1	0	0	1	0	0	0	0	0	1	0	0	0	0
TCGA-BD-A2L6	0	0	0	0	0	0	0	0	0	0	0	0	0	0	0
TCGA-BD-A3EP	0	1	0	0	0	0	0	0	0	0	0	0	0	0	0
TCGA-BW-A5NO	0	1	0	0	0	0	0	1	0	0	0	0	0	0	0
TCGA-BW-A5NP	0	0	0	0	0	0	0	0	0	0	0	0	0	0	0
TCGA-BW-A5NQ	1	1	0	1	0	0	0	0	0	0	0	0	0	0	0
TCGA-CC-5258	0	1	0	1	0	0	0	0	0	0	0	0	0	0	0
TCGA-CC-5259	0	1	0	0	0	1	0	0	0	0	0	0	1	0	0
TCGA-CC-5260	0	0	0	0	0	0	0	0	0	0	0	0	0	0	1
TCGA-CC-5261	0	0	0	0	0	0	0	0	0	0	0	0	0	0	0
TCGA-CC-5262	1	0	0	1	0	0	0	0	0	0	0	0	0	0	0
TCGA-CC-5263	0	1	0	0	0	0	0	0	0	0	0	0	0	0	0
TCGA-CC-5264	0	0	0	0	0	0	0	0	0	0	0	0	0	0	0
TCGA-CC-A123	0	0	0	1	0	0	0	0	0	0	0	0	0	0	0
TCGA-CC-A1HT	0	1	0	0	0	0	0	0	0	0	0	0	0	0	0
TCGA-CC-A3M9	0	1	0	0	0	0	0	0	0	0	0	0	0	0	0
TCGA-CC-A3MA	0	1	0	0	0	0	0	0	0	1	0	0	0	0	0
TCGA-CC-A3MB	0	1	0	0	0	0	0	0	0	0	0	0	0	0	0
TCGA-CC-A3MC	0	0	0	0	0	0	0	0	0	0	0	0	0	0	0
TCGA-CC-A5UC	0	0	1	0	0	0	0	0	0	0	0	0	0	0	0
TCGA-CC-A5UD	1	1	0	1	0	0	0	0	0	0	0	0	0	0	0
TCGA-CC-A5UE	0	1	1	0	1	0	0	0	0	0	0	0	0	0	0
TCGA-CC-A7IE	0	0	0	0	0	0	0	0	0	1	0	0	0	0	0
TCGA-CC-A7IF	0	0	0	0	0	0	0	0	0	0	0	0	0	0	0
TCGA-CC-A7IG	0	1	0	0	0	1	1	0	0	0	0	0	0	0	0
TCGA-CC-A7IH	1	0	0	0	0	1	0	0	0	0	0	0	0	0	0
TCGA-CC-A7II	0	1	0	0	0	0	0	0	0	0	0	0	0	0	0
TCGA-CC-A7IJ	0	1	0	0	0	0	0	0	0	0	0	0	0	0	0
TCGA-CC-A7IK	1	0	0	0	0	0	0	0	0	0	1	0	0	0	0
TCGA-CC-A7IL	1	0	0	0	0	0	0	0	0	0	0	0	0	0	0
TCGA-CC-A8HT	0	1	0	0	1	0	0	0	0	1	0	0	0	0	0
TCGA-CC-A8HU	0	1	0	0	0	0	1	0	0	0	0	0	0	0	0
TCGA-CC-A8HV	0	1	0	0	0	0	0	0	0	0	0	0	0	0	0
TCGA-CC-A9FS	0	0	1	1	0	0	0	0	0	0	0	0	0	0	0
TCGA-CC-A9FU	0	0	1	0	0	0	0	0	0	0	0	0	0	0	0
TCGA-CC-A9FV	0	0	0	0	0	0	0	0	0	0	0	0	0	0	0
TCGA-CC-A9FW	1	0	0	0	0	0	0	0	0	0	0	0	0	1	0
TCGA-DD-A113	0	0	0	0	0	0	1	0	0	0	0	0	0	0	0
TCGA-DD-A114	0	1	0	0	0	0	1	0	0	0	0	0	0	0	0
TCGA-DD-A115	0	0	0	0	0	0	0	0	0	0	0	0	0	0	0
TCGA-DD-A116	1	0	0	0	0	0	0	0	0	0	0	0	0	0	0
TCGA-DD-A118	0	0	0	0	0	0	0	0	0	0	0	0	0	0	1
TCGA-DD-A119	0	0	0	0	0	0	0	0	0	0	0	0	0	0	0
TCGA-DD-A11A	0	1	0	0	0	0	0	0	0	0	0	0	0	0	0
TCGA-DD-A11B	0	0	0	0	0	0	0	0	0	0	0	0	0	0	0
TCGA-DD-A11C	0	0	0	0	0	0	0	0	0	0	0	0	0	0	0
TCGA-DD-A11D	0	0	0	0	0	0	0	0	0	0	0	0	0	0	0
TCGA-DD-A1E9	0	0	0	0	1	0	0	0	0	0	0	0	0	0	0
TCGA-DD-A1EA	0	0	0	0	0	0	0	0	0	0	0	0	0	0	0
TCGA-DD-A1EB	0	1	0	0	0	0	0	0	0	0	0	0	0	0	0
TCGA-DD-A1EC	0	0	0	0	0	0	0	0	0	0	0	0	0	0	0
TCGA-DD-A1ED	0	0	0	0	0	0	0	0	0	0	0	0	0	0	0
TCGA-DD-A1EE	1	1	0	1	1	1	1	0	0	0	0	0	1	1	0
TCGA-DD-A1EF	0	0	0	0	0	0	0	0	0	0	0	0	0	0	1
TCGA-DD-A1EG	0	0	0	0	0	0	0	0	0	0	0	0	0	0	0
TCGA-DD-A1EH	0	0	1	1	0	0	0	0	0	0	0	0	0	1	0
TCGA-DD-A1EI	0	1	0	0	0	0	0	0	0	0	0	0	0	0	0
TCGA-DD-A1EJ	1	0	0	0	0	0	0	0	0	0	0	0	0	0	0
TCGA-DD-A1EK	0	0	0	0	0	1	0	0	0	0	0	0	0	0	0
TCGA-DD-A1EL	1	1	0	0	0	0	0	0	0	0	1	0	0	0	0
TCGA-DD-A39V	1	0	0	1	0	0	0	0	0	0	0	1	0	0	0
TCGA-DD-A39W	0	0	0	1	0	0	0	0	0	0	0	0	0	1	0
TCGA-DD-A39X	0	0	0	0	1	0	0	0	0	0	0	0	0	0	0
TCGA-DD-A39Y	0	0	0	0	0	0	0	0	0	0	0	0	0	0	0
TCGA-DD-A39Z	0	0	1	0	0	0	0	0	0	0	0	0	0	0	0
TCGA-DD-A3A0	0	0	0	0	0	0	0	0	0	0	0	0	0	0	0
TCGA-DD-A3A1	0	0	0	0	0	0	0	0	0	0	0	0	0	0	0
TCGA-DD-A3A2	0	0	0	0	0	0	0	0	0	0	0	0	0	0	0
TCGA-DD-A3A3	1	0	0	0	0	0	0	0	0	0	0	0	0	0	0
TCGA-DD-A3A4	1	0	0	0	0	0	0	0	0	0	0	0	0	0	0
TCGA-DD-A3A5	0	0	0	0	0	1	0	0	0	0	0	0	0	0	0
TCGA-DD-A3A6	0	0	0	0	0	0	0	0	0	0	0	0	0	0	0
TCGA-DD-A3A7	0	1	0	0	0	1	0	0	0	0	0	0	0	0	0
TCGA-DD-A3A8	0	0	0	0	0	0	0	0	0	0	0	0	0	0	0
TCGA-DD-A3A9	0	0	0	0	0	0	0	0	0	0	0	0	0	0	1
TCGA-DD-A4NA	0	0	0	0	0	0	0	0	0	0	0	0	0	0	1
TCGA-DD-A4NB	0	0	0	0	0	0	0	0	0	0	0	0	0	0	0
TCGA-DD-A4ND	0	0	0	0	0	0	0	0	0	0	0	0	0	0	0
TCGA-DD-A4NE	0	0	0	0	0	0	1	0	0	0	0	0	1	0	0
TCGA-DD-A4NF	1	0	0	0	0	0	0	0	0	0	0	0	0	0	0
TCGA-DD-A4NG	0	0	0	0	0	1	0	0	0	0	0	0	0	0	0
TCGA-DD-A4NH	0	0	0	0	0	0	0	0	0	0	0	0	0	0	0
TCGA-DD-A4NI	1	0	0	0	1	0	0	0	0	0	0	1	0	0	0
TCGA-DD-A4NJ	0	0	0	0	0	0	1	0	0	0	0	0	0	0	0
TCGA-DD-A4NK	1	0	0	0	1	0	0	0	0	0	0	0	0	0	0
TCGA-DD-A4NL	1	0	0	0	0	0	0	0	0	0	0	0	0	0	0
TCGA-DD-A4NN	0	0	0	0	0	0	0	0	0	0	0	0	0	0	0
TCGA-DD-A4NO	0	0	0	0	0	0	0	0	0	0	0	1	0	0	0
TCGA-DD-A4NP	0	0	0	0	0	0	0	0	0	0	0	0	0	0	0
TCGA-DD-A4NQ	0	0	0	0	0	0	0	0	0	0	0	0	0	0	0
TCGA-DD-A4NR	0	0	0	1	0	1	0	0	0	0	1	0	0	0	0
TCGA-DD-A4NS	0	0	0	0	0	0	0	0	0	0	0	0	0	0	0
TCGA-DD-A4NV	0	0	0	0	0	0	0	0	0	0	0	0	0	0	0
TCGA-DD-A73A	1	0	0	0	0	0	0	0	0	0	0	0	0	0	0
TCGA-DD-A73B	0	0	0	0	0	0	0	0	0	1	0	0	0	0	0
TCGA-DD-A73C	0	0	0	0	0	0	0	0	0	0	0	0	0	0	0
TCGA-DD-A73D	1	0	0	0	0	0	0	0	0	1	0	0	0	0	0
TCGA-DD-A73E	1	0	0	0	0	0	0	0	0	0	0	0	0	0	0
TCGA-DD-A73F	0	0	0	0	0	0	0	0	0	0	0	0	0	0	0
TCGA-DD-A73G	0	0	0	0	0	0	0	0	0	0	0	0	0	0	1
TCGA-DD-AA3A	0	0	0	0	0	0	0	0	0	0	0	0	0	0	1
TCGA-DD-AAC8	1	0	0	0	0	0	0	0	0	1	0	1	0	0	0
TCGA-DD-AAC9	0	0	0	0	0	0	0	0	1	0	0	0	0	0	0
TCGA-DD-AACA	1	0	0	0	0	0	0	0	0	0	0	0	0	0	0
TCGA-DD-AACB	1	1	0	0	0	1	0	0	0	0	1	0	0	0	0
TCGA-DD-AACC	0	0	1	0	0	0	0	0	0	0	0	0	0	0	0
TCGA-DD-AACD	1	0	0	0	0	0	0	0	0	1	0	0	0	0	0
TCGA-DD-AACE	0	1	0	0	0	0	0	0	0	0	0	0	0	0	0
TCGA-DD-AACF	0	1	0	0	0	0	0	0	0	0	0	0	0	0	0
TCGA-DD-AACG	0	1	0	1	0	1	0	0	0	0	0	0	0	0	0
TCGA-DD-AACH	0	0	0	0	1	0	0	0	0	0	0	0	0	0	0
TCGA-DD-AACI	0	0	0	0	0	0	0	0	0	0	0	0	0	0	0
TCGA-DD-AACJ	1	0	0	0	0	0	0	0	0	0	0	0	0	0	0
TCGA-DD-AACK	1	0	0	0	1	0	0	0	1	0	0	0	0	0	0
TCGA-DD-AACL	0	1	0	0	0	0	0	0	0	0	0	0	0	0	0
TCGA-DD-AACM	0	1	0	0	0	0	0	0	0	0	0	0	1	0	0
TCGA-DD-AACN	0	0	0	0	1	0	0	0	0	0	0	0	0	0	0
TCGA-DD-AACO	0	0	0	0	1	0	0	0	0	0	1	0	0	0	0
TCGA-DD-AACP	1	0	0	0	0	0	0	0	0	0	0	0	0	1	0
TCGA-DD-AACQ	0	1	0	0	0	0	0	0	0	0	1	0	0	0	0
TCGA-DD-AACS	0	1	0	0	0	0	0	0	0	0	0	0	0	0	0
TCGA-DD-AACT	0	0	0	0	0	0	0	0	0	0	0	0	1	0	0
TCGA-DD-AACU	0	1	0	0	0	0	0	0	0	0	0	0	0	0	0
TCGA-DD-AACV	0	1	0	0	0	0	0	0	0	0	0	0	0	0	0
TCGA-DD-AACW	0	0	1	0	0	0	0	0	0	0	0	0	0	0	0
TCGA-DD-AACX	1	0	0	0	0	0	0	0	0	0	0	0	0	0	0
TCGA-DD-AACY	0	0	0	0	0	0	0	0	0	0	0	0	0	0	0
TCGA-DD-AACZ	0	1	0	0	0	0	0	0	0	0	0	0	0	0	0
TCGA-DD-AAD0	1	0	0	0	0	0	0	0	0	0	0	0	1	0	0
TCGA-DD-AAD1	0	0	0	0	0	0	0	0	0	0	0	0	0	0	0
TCGA-DD-AAD2	0	0	0	0	0	1	0	0	0	0	0	0	0	0	0
TCGA-DD-AAD3	0	1	0	0	0	0	0	0	0	0	0	0	0	0	0
TCGA-DD-AAD5	0	1	0	0	0	0	0	0	0	0	0	0	0	0	0
TCGA-DD-AAD6	1	0	0	0	1	0	0	0	1	0	0	0	0	0	0
TCGA-DD-AAD8	0	1	0	0	0	0	0	0	0	0	0	0	0	0	0
TCGA-DD-AADA	0	0	0	0	1	0	0	0	0	0	0	0	0	0	1
TCGA-DD-AADB	0	1	0	0	1	0	0	0	0	0	0	0	0	0	0
TCGA-DD-AADC	0	1	0	0	0	0	0	0	0	0	0	0	0	0	0
TCGA-DD-AADD	1	1	0	0	0	0	0	0	0	0	0	0	0	0	0
TCGA-DD-AADE	1	0	0	0	0	0	0	0	0	0	0	0	0	0	0
TCGA-DD-AADF	0	0	0	0	0	0	0	0	0	0	0	0	0	0	0
TCGA-DD-AADG	1	0	0	0	1	1	0	0	1	0	0	0	0	0	0
TCGA-DD-AADI	0	0	1	0	0	0	0	0	0	1	0	0	1	0	0
TCGA-DD-AADJ	0	0	0	0	0	0	0	0	0	0	0	1	0	0	0
TCGA-DD-AADK	0	0	0	0	0	0	0	0	0	0	0	0	0	0	0
TCGA-DD-AADL	0	1	0	0	0	0	0	0	0	0	0	0	0	0	0
TCGA-DD-AADM	1	0	0	0	0	0	1	0	1	0	1	0	0	0	0
TCGA-DD-AADN	0	1	0	0	0	0	0	0	0	0	0	0	0	0	0
TCGA-DD-AADO	0	0	1	0	0	0	0	0	0	0	0	0	0	0	0
TCGA-DD-AADP	0	0	1	1	0	0	0	0	0	0	0	0	0	0	0
TCGA-DD-AADQ	0	0	0	0	1	0	0	0	0	0	0	0	0	0	0
TCGA-DD-AADR	0	1	0	1	0	0	0	0	0	0	0	0	0	0	0
TCGA-DD-AADS	0	0	1	0	0	0	0	0	0	0	0	0	0	0	0
TCGA-DD-AADU	1	0	0	0	1	0	0	0	0	0	0	0	0	0	0
TCGA-DD-AADV	0	1	0	0	0	0	0	0	0	0	0	0	0	0	0
TCGA-DD-AADW	0	1	0	0	0	0	0	0	0	0	0	0	0	0	0
TCGA-DD-AADY	0	0	0	0	0	0	0	0	0	0	0	0	0	0	0
TCGA-DD-AAE0	0	1	0	0	0	0	0	0	0	0	0	0	0	0	0
TCGA-DD-AAE1	0	0	1	0	0	0	0	0	0	0	0	0	0	0	0
TCGA-DD-AAE2	0	0	0	0	0	0	0	0	0	0	0	0	0	0	0
TCGA-DD-AAE3	1	0	0	0	0	0	0	0	0	0	0	0	0	0	0
TCGA-DD-AAE4	0	0	0	0	0	0	0	0	0	0	0	0	0	0	0
TCGA-DD-AAE6	0	1	1	0	0	0	0	0	0	0	0	0	0	0	0
TCGA-DD-AAE7	0	0	0	1	0	0	0	0	0	0	1	0	0	0	0
TCGA-DD-AAE8	0	1	0	0	1	0	0	0	0	0	0	0	0	0	0
TCGA-DD-AAE9	1	0	0	0	0	1	0	0	0	0	0	0	0	0	0
TCGA-DD-AAEA	0	1	1	0	0	0	0	0	0	0	0	0	0	0	0
TCGA-DD-AAEB	1	0	0	0	0	0	0	0	0	0	0	0	0	0	0
TCGA-DD-AAED	0	1	0	0	0	0	0	0	0	0	0	0	0	0	0
TCGA-DD-AAEE	1	0	0	0	0	1	0	0	0	0	0	0	0	0	0
TCGA-DD-AAEG	0	0	0	1	0	0	0	0	0	0	1	0	0	0	0
TCGA-DD-AAEH	1	0	0	0	0	0	0	0	0	1	0	1	0	0	0
TCGA-DD-AAEI	0	1	0	0	0	1	0	0	0	1	0	0	0	1	0
TCGA-DD-AAEK	1	0	0	0	0	0	0	0	0	1	0	0	0	0	0
TCGA-DD-AAVP	1	0	0	0	0	0	0	0	0	0	0	0	0	0	0
TCGA-DD-AAVQ	1	0	0	0	0	0	0	0	0	0	0	0	0	0	0
TCGA-DD-AAVR	0	0	0	0	0	0	0	0	0	0	0	0	0	0	1
TCGA-DD-AAVS	0	0	1	0	0	0	0	0	0	0	0	0	0	0	0
TCGA-DD-AAVU	0	1	1	0	1	0	0	0	0	0	0	1	0	0	0
TCGA-DD-AAVV	0	1	0	0	0	0	0	0	0	0	0	0	0	0	0
TCGA-DD-AAVW	0	0	0	0	0	0	0	0	0	0	0	0	0	0	0
TCGA-DD-AAVX	1	0	0	1	0	0	0	0	0	0	0	0	0	0	0
TCGA-DD-AAVY	1	0	0	0	0	0	0	0	0	0	0	1	0	0	0
TCGA-DD-AAVZ	0	0	1	0	0	0	0	0	0	0	0	0	0	0	0
TCGA-DD-AAW0	0	0	0	0	1	0	0	0	0	0	0	0	0	0	0
TCGA-DD-AAW1	1	0	0	0	0	0	0	0	0	0	0	0	0	0	0
TCGA-DD-AAW2	1	0	0	0	1	0	0	0	0	0	0	0	0	0	0
TCGA-DD-AAW3	1	0	0	0	0	0	0	0	1	0	0	0	0	1	0
TCGA-ED-A459	0	1	0	0	0	0	0	0	0	0	0	0	0	0	0
TCGA-ED-A4XI	0	0	0	0	0	0	0	0	0	0	1	0	0	0	1
TCGA-ED-A5KG	0	0	0	0	0	0	0	0	0	0	0	0	0	0	0
TCGA-ED-A627	0	0	0	0	0	0	0	0	0	0	0	0	0	0	0
TCGA-ED-A66X	0	0	0	0	0	0	0	0	0	0	0	0	0	0	0
TCGA-ED-A66Y	0	0	0	0	0	0	1	0	0	0	0	0	0	1	0
TCGA-ED-A7PX	0	0	0	0	0	0	0	0	0	0	0	0	0	0	1
TCGA-ED-A7PY	0	0	0	0	0	0	0	0	0	0	0	0	0	0	0
TCGA-ED-A7PZ	1	1	0	0	0	0	1	0	0	0	0	0	0	0	0
TCGA-ED-A7XO	0	1	0	0	0	0	0	0	0	0	0	0	0	0	0
TCGA-ED-A7XP	1	1	0	0	0	1	0	0	1	0	0	0	0	0	0
TCGA-ED-A82E	0	0	0	0	0	0	0	0	0	0	0	0	0	0	0
TCGA-ED-A8O5	0	0	1	0	0	0	0	0	0	0	0	0	0	1	0
TCGA-ED-A8O6	0	0	0	0	0	0	0	0	0	0	0	0	0	0	0
TCGA-ED-A97K	0	0	0	0	0	0	0	0	0	0	0	0	0	0	0
TCGA-EP-A12J	1	0	0	0	0	1	0	0	0	0	0	0	0	0	0
TCGA-EP-A26S	1	0	0	0	1	0	0	0	0	0	0	0	0	0	0
TCGA-EP-A2KA	1	0	0	0	0	0	0	0	0	0	0	0	0	0	0
TCGA-EP-A2KB	0	0	0	1	0	0	0	0	0	0	0	0	0	1	0
TCGA-EP-A2KC	1	0	0	0	1	0	0	0	0	0	0	0	0	0	0
TCGA-EP-A3JL	1	0	0	0	1	0	0	0	0	0	0	0	0	0	0
TCGA-EP-A3RK	1	0	0	0	0	0	0	0	0	0	0	0	0	0	0
TCGA-ES-A2HS	0	0	1	0	1	0	0	0	0	0	0	0	0	0	0
TCGA-ES-A2HT	0	0	0	1	0	0	0	0	0	0	0	0	0	0	0
TCGA-FV-A23B	0	0	1	1	0	0	0	0	0	0	0	0	0	1	0
TCGA-FV-A2QQ	1	0	0	0	1	1	0	0	0	0	0	0	0	0	0
TCGA-FV-A2QR	0	0	0	0	0	0	0	0	0	0	0	0	0	0	0
TCGA-FV-A3I0	0	0	0	0	0	0	0	0	0	0	0	0	0	0	0
TCGA-FV-A3I1	0	1	0	0	0	0	0	0	0	0	0	1	0	0	0
TCGA-FV-A3R2	0	1	1	0	0	0	0	0	0	0	0	0	0	0	0
TCGA-FV-A3R3	0	0	0	0	0	0	0	0	0	0	0	0	0	0	0
TCGA-FV-A495	0	0	0	0	0	0	0	0	0	0	0	0	0	0	0
TCGA-FV-A496	0	1	0	0	1	0	0	0	0	0	0	0	0	0	0
TCGA-FV-A4ZP	0	1	0	0	0	0	0	0	0	0	0	0	0	0	0
TCGA-FV-A4ZQ	1	1	0	0	0	0	0	0	0	0	0	0	0	0	0
TCGA-G3-A25S	0	0	0	0	1	0	0	0	0	0	0	0	0	0	0
TCGA-G3-A25T	0	0	0	0	0	0	0	0	0	0	0	0	0	0	1
TCGA-G3-A25U	0	1	0	0	0	0	1	0	0	0	0	0	1	0	0
TCGA-G3-A25V	0	1	0	0	0	0	0	0	0	0	0	0	0	0	0
TCGA-G3-A25W	0	0	0	0	0	1	0	0	0	0	0	0	0	0	0
TCGA-G3-A25X	0	0	0	0	0	0	0	0	0	0	0	0	0	0	0
TCGA-G3-A25Y	0	0	0	0	0	0	1	0	0	0	0	0	0	0	0
TCGA-G3-A25Z	1	1	0	0	0	0	0	0	0	0	0	0	0	0	0
TCGA-G3-A3CH	0	0	0	0	0	0	1	0	0	0	0	0	0	0	0
TCGA-G3-A3CI	0	0	0	0	0	1	0	0	0	0	0	0	0	0	0
TCGA-G3-A3CJ	0	0	0	0	0	0	0	0	0	0	0	0	0	0	0
TCGA-G3-A3CK	1	0	0	0	0	0	0	0	0	0	1	0	0	0	0
TCGA-G3-A5SI	0	0	0	0	0	0	1	0	0	0	0	0	0	0	0
TCGA-G3-A5SJ	1	1	0	0	1	0	0	0	0	0	0	0	0	0	0
TCGA-G3-A5SK	0	0	0	0	1	0	0	0	0	0	0	0	0	0	0
TCGA-G3-A5SL	1	0	0	0	0	0	0	0	0	1	0	0	0	0	0
TCGA-G3-A5SM	0	1	0	0	0	0	0	0	0	0	0	0	0	0	0
TCGA-G3-A6UC	1	0	0	0	0	0	0	0	0	0	0	0	0	0	0
TCGA-G3-A7M5	0	0	0	0	0	0	0	0	0	0	0	0	0	0	0
TCGA-G3-A7M6	0	1	0	0	0	1	0	0	0	0	0	0	0	0	0
TCGA-G3-A7M7	0	0	0	0	0	0	0	0	0	0	0	0	0	0	0
TCGA-G3-A7M8	0	0	0	0	0	1	0	0	0	0	0	0	1	0	0
TCGA-G3-A7M9	0	1	0	0	0	0	0	0	0	0	0	0	0	0	0
TCGA-G3-AAUZ	0	0	0	0	0	0	0	0	0	0	0	0	0	0	0
TCGA-G3-AAV0	0	0	0	0	1	0	0	0	1	0	0	0	1	0	0
TCGA-G3-AAV1	1	0	0	0	0	0	0	0	0	0	0	0	0	0	0
TCGA-G3-AAV2	1	0	0	0	0	0	0	0	0	0	0	0	0	0	0
TCGA-G3-AAV3	1	0	0	0	0	0	0	0	0	0	0	1	0	0	0
TCGA-G3-AAV4	1	1	0	0	0	1	0	0	0	1	0	0	0	0	0
TCGA-G3-AAV5	1	0	0	0	1	0	0	0	0	0	1	0	0	0	0
TCGA-G3-AAV6	1	0	0	0	0	0	0	0	0	0	0	0	0	0	0
TCGA-G3-AAV7	0	1	1	0	0	0	1	0	0	0	0	0	0	0	0
TCGA-GJ-A3OU	0	1	0	0	0	0	0	0	0	0	0	0	0	0	0
TCGA-GJ-A6C0	0	0	0	0	0	0	0	0	0	0	0	0	1	0	0
TCGA-GJ-A9DB	0	0	0	0	0	0	0	0	0	0	0	0	0	0	0
TCGA-HP-A5MZ	0	0	0	0	0	1	0	0	0	0	0	0	0	0	0
TCGA-HP-A5N0	0	0	0	0	0	0	0	0	0	0	0	0	1	0	0
TCGA-K7-A5RF	0	0	0	0	0	0	0	0	0	0	0	0	0	0	0
TCGA-K7-A5RG	0	1	0	0	0	0	0	0	0	0	1	0	0	0	0
TCGA-K7-A6G5	1	0	0	0	1	0	0	0	0	0	0	0	0	0	0
TCGA-K7-AAU7	0	1	0	0	1	0	0	0	0	0	0	0	0	0	0
TCGA-KR-A7K0	1	0	0	0	0	1	0	0	0	0	0	0	0	0	0
TCGA-KR-A7K2	0	0	0	0	0	0	0	0	0	0	0	0	0	0	0
TCGA-KR-A7K7	0	0	0	0	0	0	0	0	0	0	0	0	0	0	0
TCGA-KR-A7K8	0	0	0	1	0	0	0	0	0	0	0	0	0	0	0
TCGA-LG-A6GG	0	0	0	1	0	0	0	0	0	0	0	0	0	0	0
TCGA-LG-A9QC	0	0	0	0	0	0	0	0	0	0	0	0	0	0	0
TCGA-LG-A9QD	1	0	0	0	1	1	0	0	0	0	0	0	0	0	0
TCGA-MI-A75C	1	0	0	0	0	0	0	0	0	1	0	0	0	0	0
TCGA-MI-A75E	0	0	0	0	0	0	0	0	0	0	0	0	0	1	0
TCGA-MI-A75G	0	1	0	0	1	0	0	0	0	0	0	0	0	0	0
TCGA-MI-A75H	1	0	0	0	0	0	0	0	0	0	0	0	0	0	0
TCGA-MI-A75I	0	1	0	0	0	0	0	0	0	0	0	0	0	0	0
TCGA-MR-A520	0	0	0	0	0	0	0	0	0	0	0	0	0	0	0
TCGA-MR-A8JO	0	0	0	0	0	0	0	0	0	0	0	0	0	0	0
TCGA-NI-A4U2	0	0	0	0	0	0	0	0	0	0	0	0	0	0	0
TCGA-NI-A8LF	1	1	0	1	0	0	0	0	0	0	0	0	0	0	0
TCGA-O8-A75V	1	0	0	0	0	0	0	0	0	0	0	0	0	0	0
TCGA-PD-A5DF	0	0	0	0	0	0	0	0	0	0	0	0	0	0	0
TCGA-QA-A7B7	0	1	0	0	0	0	0	0	0	0	0	0	0	0	0
TCGA-RC-A6M3	0	0	0	0	0	0	0	0	0	0	0	0	0	0	0
TCGA-RC-A6M4	1	0	0	0	0	1	0	0	0	0	0	0	0	0	0
TCGA-RC-A6M5	0	0	0	0	0	0	0	0	0	0	0	0	0	0	0
TCGA-RC-A6M6	0	1	0	0	0	0	0	0	0	0	1	0	0	0	0
TCGA-RC-A7S9	0	0	0	0	0	1	1	0	0	0	0	0	0	0	0
TCGA-RC-A7SB	0	1	0	0	0	0	0	0	0	0	0	0	0	0	0
TCGA-RC-A7SF	0	0	0	0	0	0	0	0	0	0	0	0	0	0	0
TCGA-RC-A7SH	0	1	0	0	0	0	0	0	0	1	0	0	0	0	0
TCGA-RC-A7SK	0	1	0	0	0	0	0	0	0	0	0	0	0	0	0
TCGA-RG-A7D4	1	1	0	0	0	0	0	0	0	0	0	0	0	0	0
TCGA-UB-A7MA	0	0	0	0	0	0	0	0	0	0	0	0	0	0	0
TCGA-UB-A7MB	0	1	0	0	0	1	1	0	0	0	0	0	0	0	0
TCGA-UB-A7MC	1	1	0	0	0	0	0	0	0	0	0	0	0	0	0
TCGA-UB-A7MD	1	1	0	1	0	0	0	0	0	0	0	0	0	0	0
TCGA-UB-A7ME	0	0	0	1	0	0	0	0	0	0	0	0	0	0	0
TCGA-UB-A7MF	0	1	0	0	0	0	0	0	0	0	0	0	0	0	0
TCGA-UB-AA0U	0	0	0	0	0	0	0	0	0	1	0	0	0	0	0
TCGA-UB-AA0V	0	0	0	0	0	0	0	0	0	0	0	0	0	0	0
TCGA-WJ-A86L	0	1	0	0	0	0	0	0	0	0	0	0	0	0	0
TCGA-WQ-A9G7	0	1	0	0	0	1	0	0	0	0	0	0	0	0	1
TCGA-WQ-AB4B	0	1	0	0	1	0	0	0	0	0	0	0	0	0	0
TCGA-WX-AA44	0	1	0	0	0	0	1	0	0	0	0	0	0	0	0
TCGA-WX-AA46	0	0	0	0	0	0	0	0	0	0	0	0	0	0	0
TCGA-WX-AA47	1	0	0	0	0	0	0	0	0	0	0	0	0	0	0
TCGA-XR-A8TD	0	0	0	0	0	0	0	0	0	1	0	0	0	0	0
TCGA-XR-A8TE	0	0	0	0	0	0	0	0	0	0	0	0	0	0	0
TCGA-XR-A8TF	1	0	1	1	0	0	0	0	0	0	0	0	0	0	0
TCGA-XR-A8TG	0	1	0	0	0	0	0	0	1	0	0	0	0	0	0
TCGA-YA-A8S7	0	1	0	0	0	1	0	0	0	0	0	0	0	0	0
TCGA-ZP-A9CV	1	0	0	0	0	0	0	0	0	1	0	0	0	1	0
TCGA-ZP-A9CY	0	0	0	0	0	0	0	0	0	0	0	0	0	0	0
TCGA-ZP-A9CZ	0	0	0	0	0	0	0	0	0	0	0	0	0	0	0
TCGA-ZP-A9D0	0	0	0	0	0	0	0	0	0	0	0	0	0	0	0
TCGA-ZP-A9D1	0	0	0	0	0	0	0	0	0	0	0	0	0	0	0
TCGA-ZP-A9D2	0	1	0	0	0	0	0	0	0	0	0	0	0	0	0
TCGA-ZP-A9D4	1	0	0	0	1	0	0	1	0	0	0	0	0	0	0
TCGA-ZS-A9CD	0	0	0	1	1	1	0	0	0	0	0	0	0	0	0
TCGA-ZS-A9CE	0	0	0	0	0	0	0	0	0	0	0	0	1	0	0
TCGA-ZS-A9CF	0	0	0	0	1	0	0	0	0	0	0	0	0	0	0
TCGA-ZS-A9CG	1	0	0	0	1	0	0	0	0	0	0	0	0	0	1
