patientId	SEX	AGE	RACE	ETHNICITY	AJCC_STAGE	PATH_T	PATH_N	PATH_M	GRADE	OS_MONTHS	OS_STATUS	DSS_MONTHS	DSS_STATUS	MUTATION_COUNT	TMB_NONSYNONYMOUS	FRACTION_GENOME_ALTERED	ANEUPLOIDY_SCORE	TUMOR_TYPE	IDH_mutant	FGFR2_mutant	KRAS_mutant	BAP1_mutant	PBRM1_mutant	TP53_mutant	mut_IDH1	mut_IDH2	mut_FGFR2	mut_TP53	mut_KRAS	mut_BAP1	mut_ARID1A	mut_PBRM1	mut_SMAD4	mut_BRAF	mut_NRAS	mut_STK11	mut_CDKN2A	mut_PTEN	mut_PIK3CA
TCGA-3X-AAV9	Male	72	Asian	Not Hispanic Or Latino	STAGE I	T1	N0	M0	G2	11.14508334	1:DECEASED	11.14508334	1:DEAD WITH TUMOR	43	1.433333333	0.0049	10	Cholangiocarcinoma, Intrahepatic	0	0	0	0	0	0	0	0	0	0	0	0	0	0	0	0	0	0	0	0	0
TCGA-3X-AAVA	Female	50	White	Not Hispanic Or Latino	STAGE II	T2B	NX	M0	G2	14.62997666	1:DECEASED	14.62997666	1:DEAD WITH TUMOR	30	1	0.2021	5	Cholangiocarcinoma, Intrahepatic	1	0	0	0	0	0	0	1	0	0	0	0	0	0	0	0	0	0	0	0	0
TCGA-3X-AAVB	Female	70	White	Not Hispanic Or Latino	STAGE IVB	T3	N1	M1	G1	13.21629352	0:LIVING	13.21629352	0:ALIVE OR DEAD TUMOR FREE	29	1	0.2422	24	Cholangiocarcinoma, Distal	0	0	1	0	0	1	0	0	0	1	1	0	0	0	0	0	0	0	0	0	0
TCGA-3X-AAVC	Female	72	White	Not Hispanic Or Latino	STAGE I	T1	N0	M0	G3	23.3093336	0:LIVING	23.3093336	0:ALIVE OR DEAD TUMOR FREE	50	1.733333333	0.5353	24	Cholangiocarcinoma, Hilar/Perihilar	0	0	0	0	0	1	0	0	0	1	0	0	0	0	0	0	0	0	0	0	0
TCGA-3X-AAVE	Male	60	Asian	Not Hispanic Or Latino	STAGE II	T2	N0	M0	G2	21.36962883	0:LIVING	21.36962883	0:ALIVE OR DEAD TUMOR FREE	40	1.333333333	0.1498	9	Cholangiocarcinoma, Intrahepatic	0	0	0	0	0	0	0	0	0	0	0	0	0	0	0	0	0	0	1	0	0
TCGA-4G-AAZO	Female	71	White	Not Hispanic Or Latino	STAGE II	T2A	N0	M0	G2	38.69546635	0:LIVING	38.69546635	0:ALIVE OR DEAD TUMOR FREE	40	1.333333333	0.1333	9	Cholangiocarcinoma, Intrahepatic	0	0	0	1	0	0	0	0	0	0	0	1	0	0	0	0	0	0	0	0	0
TCGA-4G-AAZT	Male	62	White	Not Hispanic Or Latino	STAGE I	T1	N0	M0	G2	13.80806786	0:LIVING	13.80806786	0:ALIVE OR DEAD TUMOR FREE	44	2.833333333	0.2069	5	Cholangiocarcinoma, Intrahepatic	0	0	0	1	1	0	0	0	0	0	0	1	1	1	0	0	0	0	0	0	1
TCGA-W5-AA2G	Female	62	White	Not Hispanic Or Latino	STAGE I	T1	N0	M0	G3	64.96367163	0:LIVING	64.96367163	0:ALIVE OR DEAD TUMOR FREE	36	1.2	0.3791	10	Cholangiocarcinoma, Intrahepatic	1	0	0	0	0	0	1	0	0	0	0	0	0	0	0	0	0	0	0	0	0
TCGA-W5-AA2H	Female	70	White	Not Hispanic Or Latino	STAGE III	T3	N0	M0	G3	35.40783115	0:LIVING	35.40783115	0:ALIVE OR DEAD TUMOR FREE	6	0.2	2.0E-4	0	Cholangiocarcinoma, Distal	0	0	0	0	0	0	0	0	0	0	0	0	0	0	0	0	0	0	0	0	0
TCGA-W5-AA2I	Male	66	White	Not Hispanic Or Latino	STAGE I	T1	N0	M0	G2	63.74724661	1:DECEASED	63.74724661	1:DEAD WITH TUMOR	48	3.166666667	0.4619	6	Cholangiocarcinoma, Intrahepatic	0	0	0	0	1	1	0	0	0	1	0	0	0	1	0	0	0	0	0	0	0
TCGA-W5-AA2O	Male	57	White	Not Hispanic Or Latino	STAGE I	T1	N0	M0	G3	21.04086531	1:DECEASED	21.04086531	1:DEAD WITH TUMOR	26	1.633333333	0.4669	12	Cholangiocarcinoma, Intrahepatic	1	0	0	0	0	1	1	0	0	1	0	0	0	0	0	0	0	0	0	0	0
TCGA-W5-AA2Q	Male	68	White	Not Hispanic Or Latino	STAGE II	T2B	N0	M0	G2	1.643817602	0:LIVING	1.643817602	0:ALIVE OR DEAD TUMOR FREE	46	3.1	0.198	6	Cholangiocarcinoma, Intrahepatic	0	0	0	0	0	0	0	0	0	0	0	0	0	0	0	0	0	0	0	0	0
TCGA-W5-AA2R	Female	77	White	Not Hispanic Or Latino	STAGE I	T1	N0	M0	G3	50.69533485	0:LIVING	50.69533485	0:ALIVE OR DEAD TUMOR FREE	22	1.466666667	0.2625	4	Cholangiocarcinoma, Intrahepatic	0	0	0	0	0	0	0	0	0	0	0	0	0	0	0	0	0	0	0	0	0
TCGA-W5-AA2T	Female	64	White	Not Hispanic Or Latino	STAGE II	T2	N0	M0	G3	40.10914949	1:DECEASED	40.10914949	1:DEAD WITH TUMOR	30	2	0.7373	13	Cholangiocarcinoma, Intrahepatic	0	0	0	0	0	0	0	0	0	0	0	0	0	0	0	0	0	0	0	0	0
TCGA-W5-AA2U	Female	78	White	Not Hispanic Or Latino	STAGE I	T1	N0	M0	G3	20.61347273	1:DECEASED	20.61347273	1:DEAD WITH TUMOR	72	4.7	0.3428	8	Cholangiocarcinoma, Intrahepatic	0	0	0	0	0	0	0	0	0	0	0	0	0	0	0	0	0	0	0	0	0
TCGA-W5-AA2W	Female	31	White	Not Hispanic Or Latino	STAGE IVA	T2A	N1	M0	G3	30.37774929	1:DECEASED	30.37774929	1:DEAD WITH TUMOR	29	1	0.2554	6	Cholangiocarcinoma, Intrahepatic	0	0	0	1	0	0	0	0	0	0	0	1	0	0	0	0	0	0	0	0	0
TCGA-W5-AA2X	Male	67	White	Not Hispanic Or Latino	STAGE IVB	T2B	N1	M1	G4	8.909491403	1:DECEASED	8.909491403		58	3.8	0.7188	29	Cholangiocarcinoma, Hilar/Perihilar	0	0	0	0	0	0	0	0	0	0	0	0	0	0	0	0	0	1	0	0	0
TCGA-W5-AA2Z	Female	29	White	Not Hispanic Or Latino	STAGE II	T2	N0	M0	G3	53.06243219	0:LIVING	53.06243219	0:ALIVE OR DEAD TUMOR FREE	24	0.833333333	0.4081	13	Cholangiocarcinoma, Intrahepatic	0	0	0	0	0	0	0	0	0	0	0	0	0	0	0	0	0	0	0	0	0
TCGA-W5-AA30	Male	82	White	Not Hispanic Or Latino	STAGE I	T1	N0	M0	G3	37.9064339	0:LIVING	37.9064339	0:ALIVE OR DEAD TUMOR FREE	55	3.466666667	0.4012	10	Cholangiocarcinoma, Intrahepatic	0	0	0	0	1	0	0	0	0	0	0	0	0	1	0	0	0	0	0	0	0
TCGA-W5-AA31	Male	71	White	Not Hispanic Or Latino	STAGE I	T1	N0	M0	G3	0.32876352	0:LIVING	0.32876352	0:ALIVE OR DEAD TUMOR FREE	42	2.7	0.6386	23	Cholangiocarcinoma, Intrahepatic	0	0	0	1	0	0	0	0	0	0	0	1	0	0	0	0	1	0	0	0	0
TCGA-W5-AA33	Male	60	White	Not Hispanic Or Latino	STAGE I	T1	N0	M0	G3	47.63783411	0:LIVING	47.63783411	0:ALIVE OR DEAD TUMOR FREE	30	1.9	0.2274	7	Cholangiocarcinoma, Intrahepatic	0	0	0	0	0	0	0	0	0	0	0	0	0	0	0	0	0	0	0	0	0
TCGA-W5-AA34	Female	75	White	Not Hispanic Or Latino	STAGE I	T1	N0	M0	G2	18.24637538	1:DECEASED	18.24637538	1:DEAD WITH TUMOR	33	2.2	0.4024	12	Cholangiocarcinoma, Intrahepatic	1	1	0	0	0	0	1	0	1	0	0	0	0	0	0	0	0	0	0	0	0
TCGA-W5-AA36	Female	51	White	Not Hispanic Or Latino	STAGE IV	T3	N0	M1	G3	46.09264556	1:DECEASED	46.09264556	1:DEAD WITH TUMOR	44	1.466666667	0.1582	4	Cholangiocarcinoma, Hilar/Perihilar	1	1	0	0	0	0	1	0	1	0	0	0	0	0	0	0	0	0	0	0	0
TCGA-W5-AA38	Female	55	White	Not Hispanic Or Latino	STAGE I	T1	N0	M0	G3	48.36111385	0:LIVING	48.36111385	0:ALIVE OR DEAD TUMOR FREE	29	0.966666667	0.2476	8	Cholangiocarcinoma, Intrahepatic	0	0	0	0	1	0	0	0	0	0	0	0	0	1	0	0	0	0	0	0	0
TCGA-W5-AA39	Male	81	White	Not Hispanic Or Latino	STAGE II	T2	N0	M0	G4	5.588979847	1:DECEASED	5.588979847	1:DEAD WITH TUMOR	651	21.83333333	0.3159	10	Cholangiocarcinoma, Intrahepatic	0	0	0	1	1	0	0	0	0	0	0	1	0	1	0	0	0	0	0	1	0
TCGA-W6-AA0S	Female	46	White	Hispanic Or Latino	STAGE I	T1	N0	MX	G2	26.56409245	0:LIVING	26.56409245	0:ALIVE OR DEAD TUMOR FREE	37	1.233333333	0.2993	9	Cholangiocarcinoma, Intrahepatic	1	0	0	0	0	0	0	1	0	0	0	0	0	0	0	0	0	0	0	0	0
TCGA-WD-A7RX	Female	71	White	Hispanic Or Latino	STAGE II	T2B	NX	MX	G2	0.690403393	1:DECEASED	0.690403393	0:ALIVE OR DEAD TUMOR FREE	29	0.966666667	0.3243	9	Cholangiocarcinoma, Intrahepatic	0	0	0	0	0	0	0	0	0	0	0	0	1	0	0	0	0	0	0	0	0
TCGA-YR-A95A	Male	52	White		STAGE IV	T2	NX	M1	G2	0.854785153	1:DECEASED	0.854785153	1:DEAD WITH TUMOR	26	0.9	0.1442	3	Cholangiocarcinoma, Hilar/Perihilar	1	0	0	0	0	0	1	0	0	0	0	0	1	0	0	0	0	0	0	0	0
TCGA-ZD-A8I3	Female	73	Asian	Not Hispanic Or Latino	STAGE II	T2	N0	M0	G3	5.556103495	1:DECEASED	5.556103495	1:DEAD WITH TUMOR	34	1.166666667	0.6296	5	Cholangiocarcinoma, Intrahepatic	0	0	0	0	0	0	0	0	0	0	0	0	0	0	0	0	0	0	1	0	0
TCGA-ZH-A8Y1	Female	74	White	Not Hispanic Or Latino	STAGE IVA	T3	N1	M0	G2	12.65739554	1:DECEASED	12.65739554	1:DEAD WITH TUMOR	36	1.266666667	0.2631	6	Cholangiocarcinoma, Intrahepatic	0	0	0	0	1	0	0	0	0	0	0	0	0	1	0	0	0	0	0	0	1
TCGA-ZH-A8Y2	Female	59	Black or African American	Not Hispanic Or Latino	STAGE I	T1	NX	M0	G2	23.04632278	1:DECEASED	23.04632278	1:DEAD WITH TUMOR	48	1.6	0.747	28	Cholangiocarcinoma, Intrahepatic	0	0	0	1	0	0	0	0	0	0	0	1	0	0	0	0	0	0	0	0	0
TCGA-ZH-A8Y4	Male	58	White	Not Hispanic Or Latino	STAGE I	T1	N0	M0	G3	24.36137686	1:DECEASED	24.36137686	1:DEAD WITH TUMOR	60	2	0.5614	24	Cholangiocarcinoma, Intrahepatic	0	0	0	1	1	0	0	0	0	0	0	1	0	1	0	0	0	0	0	0	0
TCGA-ZH-A8Y5	Male	69	White	Not Hispanic Or Latino	STAGE IVB	T3	N1	M1	G3	40.40503666	0:LIVING	40.40503666	0:ALIVE OR DEAD TUMOR FREE	22	0.733333333	0.308	7	Cholangiocarcinoma, Intrahepatic	0	0	0	0	0	0	0	0	0	0	0	0	0	0	0	0	0	0	0	0	0
TCGA-ZH-A8Y6	Female	41	Black or African American	Not Hispanic Or Latino	STAGE I	T1	N0	M0	G2	17.06282671	0:LIVING	17.06282671	0:ALIVE OR DEAD TUMOR FREE	38	1.266666667	0.0012	0	Cholangiocarcinoma, Intrahepatic	0	0	0	0	0	0	0	0	0	0	0	0	0	0	0	0	0	0	0	0	0
TCGA-ZH-A8Y8	Male	73	White	Not Hispanic Or Latino	STAGE I	T1	N0	M0	G2	19.79156393	0:LIVING	19.79156393	0:ALIVE OR DEAD TUMOR FREE	31	1.066666667	0.4276	14	Cholangiocarcinoma, Intrahepatic	0	0	1	0	0	0	0	0	0	0	1	0	0	0	0	0	0	0	0	0	0
TCGA-ZU-A8S4	Male	52	White	Not Hispanic Or Latino	STAGE I	T1	NX	MX	G3	3.2218825	1:DECEASED	3.2218825	1:DEAD WITH TUMOR	47	3.066666667	0.0026	3	Cholangiocarcinoma, Intrahepatic	0	0	0	0	0	0	0	0	0	0	0	0	1	0	0	1	0	0	0	0	0
