patientId	IDH1	IDH2	FGFR2	TP53	KRAS	BAP1	ARID1A	PBRM1	SMAD4	BRAF	NRAS	STK11	CDKN2A	PTEN	PIK3CA
TCGA-3X-AAV9	0	0	0	0	0	0	0	0	0	0	0	0	0	0	0
TCGA-3X-AAVA	0	1	0	0	0	0	0	0	0	0	0	0	0	0	0
TCGA-3X-AAVB	0	0	0	1	1	0	0	0	0	0	0	0	0	0	0
TCGA-3X-AAVC	0	0	0	1	0	0	0	0	0	0	0	0	0	0	0
TCGA-3X-AAVE	0	0	0	0	0	0	0	0	0	0	0	0	1	0	0
TCGA-4G-AAZO	0	0	0	0	0	1	0	0	0	0	0	0	0	0	0
TCGA-4G-AAZT	0	0	0	0	0	1	1	1	0	0	0	0	0	0	1
TCGA-W5-AA2G	1	0	0	0	0	0	0	0	0	0	0	0	0	0	0
TCGA-W5-AA2H	0	0	0	0	0	0	0	0	0	0	0	0	0	0	0
TCGA-W5-AA2I	0	0	0	1	0	0	0	1	0	0	0	0	0	0	0
TCGA-W5-AA2O	1	0	0	1	0	0	0	0	0	0	0	0	0	0	0
TCGA-W5-AA2Q	0	0	0	0	0	0	0	0	0	0	0	0	0	0	0
TCGA-W5-AA2R	0	0	0	0	0	0	0	0	0	0	0	0	0	0	0
TCGA-W5-AA2T	0	0	0	0	0	0	0	0	0	0	0	0	0	0	0
TCGA-W5-AA2U	0	0	0	0	0	0	0	0	0	0	0	0	0	0	0
TCGA-W5-AA2W	0	0	0	0	0	1	0	0	0	0	0	0	0	0	0
TCGA-W5-AA2X	0	0	0	0	0	0	0	0	0	0	0	1	0	0	0
TCGA-W5-AA2Z	0	0	0	0	0	0	0	0	0	0	0	0	0	0	0
TCGA-W5-AA30	0	0	0	0	0	0	0	1	0	0	0	0	0	0	0
TCGA-W5-AA31	0	0	0	0	0	1	0	0	0	0	1	0	0	0	0
TCGA-W5-AA33	0	0	0	0	0	0	0	0	0	0	0	0	0	0	0
TCGA-W5-AA34	1	0	1	0	0	0	0	0	0	0	0	0	0	0	0
TCGA-W5-AA36	1	0	1	0	0	0	0	0	0	0	0	0	0	0	0
TCGA-W5-AA38	0	0	0	0	0	0	0	1	0	0	0	0	0	0	0
TCGA-W5-AA39	0	0	0	0	0	1	0	1	0	0	0	0	0	1	0
TCGA-W6-AA0S	0	1	0	0	0	0	0	0	0	0	0	0	0	0	0
TCGA-WD-A7RX	0	0	0	0	0	0	1	0	0	0	0	0	0	0	0
TCGA-YR-A95A	1	0	0	0	0	0	1	0	0	0	0	0	0	0	0
TCGA-ZD-A8I3	0	0	0	0	0	0	0	0	0	0	0	0	1	0	0
TCGA-ZH-A8Y1	0	0	0	0	0	0	0	1	0	0	0	0	0	0	1
TCGA-ZH-A8Y2	0	0	0	0	0	1	0	0	0	0	0	0	0	0	0
TCGA-ZH-A8Y4	0	0	0	0	0	1	0	1	0	0	0	0	0	0	0
TCGA-ZH-A8Y5	0	0	0	0	0	0	0	0	0	0	0	0	0	0	0
TCGA-ZH-A8Y6	0	0	0	0	0	0	0	0	0	0	0	0	0	0	0
TCGA-ZH-A8Y8	0	0	0	0	1	0	0	0	0	0	0	0	0	0	0
TCGA-ZU-A8S4	0	0	0	0	0	0	1	0	0	1	0	0	0	0	0
